{"Version":"0.0.0","Data":{"Fires":"{\"Version\":\"0.0.0\",\"FiresPerStructureType\":{\"32\":[{\"IsLit\":false,\"PutOutChance\":0,\"Fuel\":0.0001,\"FuelDrainRate\":0.25},{\"IsLit\":false,\"PutOutChance\":-2,\"Fuel\":0.00930426,\"FuelDrainRate\":0.25},{\"IsLit\":false,\"PutOutChance\":2,\"Fuel\":40.0,\"FuelDrainRate\":1.0},{\"IsLit\":false,\"PutOutChance\":1,\"Fuel\":0.008865259,\"FuelDrainRate\":1.0},{\"IsLit\":false,\"PutOutChance\":0,\"Fuel\":0.00971463,\"FuelDrainRate\":1.0},{\"IsLit\":false,\"PutOutChance\":1,\"Fuel\":0.009282878,\"FuelDrainRate\":1.0},{\"IsLit\":false,\"PutOutChance\":0,\"Fuel\":0.009090466,\"FuelDrainRate\":1.0},{\"IsLit\":false,\"PutOutChance\":2,\"Fuel\":40.0,\"FuelDrainRate\":1.0}]}}"}}