{"Version":"0.0.0","Data":{"GameState":"{\"Version\":\"0.0.0\",\"SaveTime\":\"2023-03-04T18:54:08.1640390+08:00\",\"GameType\":\"Normal\",\"GameId\":\"887ff5b5-de4e-4e9e-947a-e96eb94860c9\",\"GameDays\":7,\"GameHours\":8,\"GameMinutes\":50,\"GameSeconds\":23,\"GameMilliseconds\":594,\"IsRobbyDead\":false,\"IsVirginiaDead\":false,\"CoreGameCompleted\":false,\"EscapedIsland\":false,\"StayedOnIsland\":false,\"CrashSite\":\"tree\",\"NamedIntDatas\":[{\"SaveObjectNameId\":\"LuxuryBunker.EntranceDoor\",\"SaveValue\":0},{\"SaveObjectNameId\":\"LuxuryBunker.HellDoorCaveEntrance\",\"SaveValue\":0},{\"SaveObjectNameId\":\"HangingTacticalGpsPickedUp\",\"SaveValue\":0},{\"SaveObjectNameId\":\"BuriedTacticalGpsPickedUp\",\"SaveValue\":0},{\"SaveObjectNameId\":\"RaftTacticalGpsPickeUp\",\"SaveValue\":0},{\"SaveObjectNameId\":\"BunkerA.EntranceHatch\",\"SaveValue\":0},{\"SaveObjectNameId\":\"BunkerB.EntranceHatch\",\"SaveValue\":0},{\"SaveObjectNameId\":\"BunkerC.EntranceHatch\",\"SaveValue\":0}]}"}}