{"Version":"0.0.0","Data":{"GardenPlotManager":"{\"_gardenPlotsData\":[{\"SeedId\":599,\"GrowTimeSecondsRemaining\":-0.225228041},{\"SeedId\":599,\"GrowTimeSecondsRemaining\":94904.17},{\"SeedId\":599,\"GrowTimeSecondsRemaining\":95022.94},{\"SeedId\":-1,\"GrowTimeSecondsRemaining\":2981.46484},{\"SeedId\":-1,\"GrowTimeSecondsRemaining\":5572.9707},{\"SeedId\":-1,\"GrowTimeSecondsRemaining\":82786.17},{\"SeedId\":599,\"GrowTimeSecondsRemaining\":5757.767},{\"SeedId\":-1,\"GrowTimeSecondsRemaining\":19466.3242}]}"}}