{"Version":"0.0.0","Data":{"PlayerInventory":"{\"Version\":\"0.0.0\",\"QuickSelect\":{\"Version\":\"0.0.0\",\"Slots\":[{\"ItemId\":379,\"Age\":711.8067},{\"ItemId\":405,\"Age\":8268.191},{\"ItemId\":393,\"Age\":3163.503},{\"ItemId\":355,\"Age\":17106.9883},{\"ItemId\":476,\"Age\":15389.84},{\"ItemId\":0,\"Age\":0.0},{\"ItemId\":0,\"Age\":0.0},{\"ItemId\":0,\"Age\":0.0},{\"ItemId\":589,\"Age\":0.0}]},\"EquippedItems\":[{\"ItemId\":379,\"Modules\":[{\"ChannelWeights\":{\"x\":0.0276349112,\"y\":0.0276349112,\"z\":0.0276349112,\"w\":0.0276349112},\"Version\":\"0.0.0\",\"ModuleId\":0}]}],\"ItemInstanceManagerData\":{\"Version\":\"0.0.0\",\"ItemBlocks\":[{\"ItemId\":402,\"TotalCount\":1,\"UniqueItems\":[{\"Modules\":[{\"ChannelWeights\":{\"x\":0.0,\"y\":0.0,\"z\":0.0,\"w\":0.0},\"Version\":\"0.0.0\",\"ModuleId\":0},{\"AmmoType\":-1,\"CurrentAmmo\":-1,\"WeaponModIds\":[],\"Version\":\"0.0.0\",\"ModuleId\":4}]}]},{\"ItemId\":380,\"TotalCount\":1,\"UniqueItems\":[{\"Modules\":[{\"ChannelWeights\":{\"x\":0.0,\"y\":0.0,\"z\":0.0,\"w\":0.0},\"Version\":\"0.0.0\",\"ModuleId\":0}]}]},{\"ItemId\":351,\"TotalCount\":1,\"UniqueItems\":[]},{\"ItemId\":552,\"TotalCount\":1,\"UniqueItems\":[]},{\"ItemId\":486,\"TotalCount\":1,\"UniqueItems\":[]},{\"ItemId\":412,\"TotalCount\":1,\"UniqueItems\":[]},{\"ItemId\":413,\"TotalCount\":1,\"UniqueItems\":[]},{\"ItemId\":589,\"TotalCount\":1,\"UniqueItems\":[]},{\"ItemId\":476,\"TotalCount\":1,\"UniqueItems\":[]},{\"ItemId\":393,\"TotalCount\":4,\"UniqueItems\":[{\"Modules\":[{\"ChannelWeights\":{\"x\":0.0,\"y\":0.0,\"z\":0.0,\"w\":0.0},\"Version\":\"0.0.0\",\"ModuleId\":0}]},{\"Modules\":[{\"ChannelWeights\":{\"x\":0.0,\"y\":0.0,\"z\":0.0,\"w\":0.0},\"Version\":\"0.0.0\",\"ModuleId\":0}]},{\"Modules\":[{\"ChannelWeights\":{\"x\":0.0,\"y\":0.0,\"z\":0.0,\"w\":0.0},\"Version\":\"0.0.0\",\"ModuleId\":0}]},{\"Modules\":[{\"ChannelWeights\":{\"x\":0.0,\"y\":0.0,\"z\":0.0,\"w\":0.0},\"Version\":\"0.0.0\",\"ModuleId\":0}]}]},{\"ItemId\":405,\"TotalCount\":13,\"UniqueItems\":[{\"Modules\":[{\"ChannelWeights\":{\"x\":0.0,\"y\":0.0,\"z\":0.0,\"w\":0.0},\"Version\":\"0.0.0\",\"ModuleId\":0}]},{\"Modules\":[{\"ChannelWeights\":{\"x\":0.0,\"y\":0.0,\"z\":0.0,\"w\":0.0},\"Version\":\"0.0.0\",\"ModuleId\":0}]},{\"Modules\":[{\"ChannelWeights\":{\"x\":0.0,\"y\":0.0,\"z\":0.0,\"w\":0.0},\"Version\":\"0.0.0\",\"ModuleId\":0}]},{\"Modules\":[{\"ChannelWeights\":{\"x\":0.0,\"y\":0.0,\"z\":0.0,\"w\":0.0},\"Version\":\"0.0.0\",\"ModuleId\":0}]},{\"Modules\":[{\"ChannelWeights\":{\"x\":0.0,\"y\":0.0,\"z\":0.0,\"w\":0.0},\"Version\":\"0.0.0\",\"ModuleId\":0}]},{\"Modules\":[{\"ChannelWeights\":{\"x\":0.0,\"y\":0.0,\"z\":0.0,\"w\":0.0},\"Version\":\"0.0.0\",\"ModuleId\":0}]},{\"Modules\":[{\"ChannelWeights\":{\"x\":0.0,\"y\":0.0,\"z\":0.0,\"w\":0.0},\"Version\":\"0.0.0\",\"ModuleId\":0}]},{\"Modules\":[{\"ChannelWeights\":{\"x\":0.0,\"y\":0.0,\"z\":0.0,\"w\":0.0},\"Version\":\"0.0.0\",\"ModuleId\":0}]},{\"Modules\":[{\"ChannelWeights\":{\"x\":0.0,\"y\":0.0,\"z\":0.0,\"w\":0.0},\"Version\":\"0.0.0\",\"ModuleId\":0}]},{\"Modules\":[{\"ChannelWeights\":{\"x\":0.0,\"y\":0.0,\"z\":0.0,\"w\":0.0},\"Version\":\"0.0.0\",\"ModuleId\":0}]},{\"Modules\":[{\"ChannelWeights\":{\"x\":0.0,\"y\":0.0,\"z\":0.0,\"w\":0.0},\"Version\":\"0.0.0\",\"ModuleId\":0}]},{\"Modules\":[{\"ChannelWeights\":{\"x\":0.0,\"y\":0.0,\"z\":0.0,\"w\":0.0},\"Version\":\"0.0.0\",\"ModuleId\":0}]},{\"Modules\":[{\"ChannelWeights\":{\"x\":0.0,\"y\":0.0,\"z\":0.0,\"w\":0.0},\"Version\":\"0.0.0\",\"ModuleId\":0}]}]},{\"ItemId\":396,\"TotalCount\":1,\"UniqueItems\":[{\"Modules\":[{\"RecipeId\":-1,\"CurrentVolume\":100,\"Version\":\"0.0.0\",\"ModuleId\":7},{\"ChannelWeights\":{\"x\":0.0,\"y\":0.0,\"z\":0.0,\"w\":0.0},\"Version\":\"0.0.0\",\"ModuleId\":0}]}]},{\"ItemId\":534,\"TotalCount\":1,\"UniqueItems\":[]},{\"ItemId\":355,\"TotalCount\":1,\"UniqueItems\":[{\"Modules\":[{\"AmmoType\":362,\"CurrentAmmo\":8,\"WeaponModIds\":[],\"Version\":\"0.0.0\",\"ModuleId\":4},{\"ChannelWeights\":{\"x\":0.0,\"y\":0.0,\"z\":0.0,\"w\":0.0},\"Version\":\"0.0.0\",\"ModuleId\":0}]}]},{\"ItemId\":508,\"TotalCount\":1,\"UniqueItems\":[]}]}}"}}