{"Version":"0.0.0","Data":{"PlayerState":"{\"_entries\":[{\"Name\":\"isNewItemInInventory_00000483\",\"SettingType\":0,\"Version\":0,\"BoolValue\":false,\"IntValue\":0,\"FloatValue\":0.0,\"StringValue\":\"\",\"Protected\":false,\"FloatArrayValue\":[],\"IsSet\":false},{\"Name\":\"crafted.00000379\",\"SettingType\":1,\"Version\":0,\"BoolValue\":false,\"IntValue\":1,\"FloatValue\":0.0,\"StringValue\":\"\",\"Protected\":false,\"FloatArrayValue\":[],\"IsSet\":false},{\"Name\":\"crafted.00000412\",\"SettingType\":1,\"Version\":0,\"BoolValue\":false,\"IntValue\":1,\"FloatValue\":0.0,\"StringValue\":\"\",\"Protected\":false,\"FloatArrayValue\":[],\"IsSet\":false},{\"Name\":\"crafted.00000413\",\"SettingType\":1,\"Version\":0,\"BoolValue\":false,\"IntValue\":1,\"FloatValue\":0.0,\"StringValue\":\"\",\"Protected\":false,\"FloatArrayValue\":[],\"IsSet\":false},{\"Name\":\"crafted.00000589\",\"SettingType\":1,\"Version\":0,\"BoolValue\":false,\"IntValue\":1,\"FloatValue\":0.0,\"StringValue\":\"\",\"Protected\":false,\"FloatArrayValue\":[],\"IsSet\":false},{\"Name\":\"isNewCraftingRecipe_StartingEmergencyPackRecipe\",\"SettingType\":0,\"Version\":0,\"BoolValue\":false,\"IntValue\":0,\"FloatValue\":0.0,\"StringValue\":\"\",\"Protected\":false,\"FloatArrayValue\":[],\"IsSet\":false},{\"Name\":\"ShowMissingTacticalsTutorial\",\"SettingType\":0,\"Version\":0,\"BoolValue\":false,\"IntValue\":0,\"FloatValue\":0.0,\"StringValue\":\"\",\"Protected\":false,\"FloatArrayValue\":[],\"IsSet\":false},{\"Name\":\"seenFirstTimeEquip_00000412\",\"SettingType\":0,\"Version\":0,\"BoolValue\":true,\"IntValue\":0,\"FloatValue\":0.0,\"StringValue\":\"\",\"Protected\":false,\"FloatArrayValue\":[],\"IsSet\":false},{\"Name\":\"seenFirstTimeEquip_00000381\",\"SettingType\":0,\"Version\":0,\"BoolValue\":true,\"IntValue\":0,\"FloatValue\":0.0,\"StringValue\":\"\",\"Protected\":false,\"FloatArrayValue\":[],\"IsSet\":false},{\"Name\":\"seenFirstTimeEquip_00000476\",\"SettingType\":0,\"Version\":0,\"BoolValue\":true,\"IntValue\":0,\"FloatValue\":0.0,\"StringValue\":\"\",\"Protected\":false,\"FloatArrayValue\":[],\"IsSet\":false},{\"Name\":\"hasOwned_00000402\",\"SettingType\":0,\"Version\":0,\"BoolValue\":true,\"IntValue\":0,\"FloatValue\":0.0,\"StringValue\":\"\",\"Protected\":false,\"FloatArrayValue\":[],\"IsSet\":false},{\"Name\":\"isNewItemInInventory_00000589\",\"SettingType\":0,\"Version\":0,\"BoolValue\":false,\"IntValue\":0,\"FloatValue\":0.0,\"StringValue\":\"\",\"Protected\":false,\"FloatArrayValue\":[],\"IsSet\":false},{\"Name\":\"InventoryLightsActive\",\"SettingType\":0,\"Version\":0,\"BoolValue\":false,\"IntValue\":0,\"FloatValue\":0.0,\"StringValue\":\"\",\"Protected\":false,\"FloatArrayValue\":[],\"IsSet\":false},{\"Name\":\"seenFirstTimeEquip_00000589\",\"SettingType\":0,\"Version\":0,\"BoolValue\":true,\"IntValue\":0,\"FloatValue\":0.0,\"StringValue\":\"\",\"Protected\":false,\"FloatArrayValue\":[],\"IsSet\":false},{\"Name\":\"SCREWBookLastUsed\",\"SettingType\":0,\"Version\":0,\"BoolValue\":true,\"IntValue\":0,\"FloatValue\":0.0,\"StringValue\":\"\",\"Protected\":false,\"FloatArrayValue\":[],\"IsSet\":false},{\"Name\":\"isNewItemInInventory_00000379\",\"SettingType\":0,\"Version\":0,\"BoolValue\":false,\"IntValue\":0,\"FloatValue\":0.0,\"StringValue\":\"\",\"Protected\":false,\"FloatArrayValue\":[],\"IsSet\":false},{\"Name\":\"seenFirstTimeEquip_00000379\",\"SettingType\":0,\"Version\":0,\"BoolValue\":true,\"IntValue\":0,\"FloatValue\":0.0,\"StringValue\":\"\",\"Protected\":false,\"FloatArrayValue\":[],\"IsSet\":false},{\"Name\":\"consumed.00000400\",\"SettingType\":1,\"Version\":0,\"BoolValue\":false,\"IntValue\":1,\"FloatValue\":0.0,\"StringValue\":\"\",\"Protected\":false,\"FloatArrayValue\":[],\"IsSet\":false},{\"Name\":\"seenFirstTimeEquip_00000393\",\"SettingType\":0,\"Version\":0,\"BoolValue\":true,\"IntValue\":0,\"FloatValue\":0.0,\"StringValue\":\"\",\"Protected\":false,\"FloatArrayValue\":[],\"IsSet\":false},{\"Name\":\"seenFirstTimeEquip_00000380\",\"SettingType\":0,\"Version\":0,\"BoolValue\":true,\"IntValue\":0,\"FloatValue\":0.0,\"StringValue\":\"\",\"Protected\":false,\"FloatArrayValue\":[],\"IsSet\":false},{\"Name\":\"BlueprintBookPageIndex\",\"SettingType\":1,\"Version\":0,\"BoolValue\":false,\"IntValue\":8,\"FloatValue\":0.0,\"StringValue\":\"\",\"Protected\":false,\"FloatArrayValue\":[],\"IsSet\":false},{\"Name\":\"isNewItemInInventory_00000486\",\"SettingType\":0,\"Version\":0,\"BoolValue\":false,\"IntValue\":0,\"FloatValue\":0.0,\"StringValue\":\"\",\"Protected\":false,\"FloatArrayValue\":[],\"IsSet\":false},{\"Name\":\"isNewItemInInventory_00000380\",\"SettingType\":0,\"Version\":0,\"BoolValue\":false,\"IntValue\":0,\"FloatValue\":0.0,\"StringValue\":\"\",\"Protected\":false,\"FloatArrayValue\":[],\"IsSet\":false},{\"Name\":\"isNewItemInInventory_00000413\",\"SettingType\":0,\"Version\":0,\"BoolValue\":false,\"IntValue\":0,\"FloatValue\":0.0,\"StringValue\":\"\",\"Protected\":false,\"FloatArrayValue\":[],\"IsSet\":false},{\"Name\":\"isNewItemInInventory_00000412\",\"SettingType\":0,\"Version\":0,\"BoolValue\":false,\"IntValue\":0,\"FloatValue\":0.0,\"StringValue\":\"\",\"Protected\":false,\"FloatArrayValue\":[],\"IsSet\":false},{\"Name\":\"seenFirstTimeEquip_00000392\",\"SettingType\":0,\"Version\":0,\"BoolValue\":true,\"IntValue\":0,\"FloatValue\":0.0,\"StringValue\":\"\",\"Protected\":false,\"FloatArrayValue\":[],\"IsSet\":false},{\"Name\":\"HasBeenTiredBefore\",\"SettingType\":0,\"Version\":0,\"BoolValue\":true,\"IntValue\":0,\"FloatValue\":0.0,\"StringValue\":\"\",\"Protected\":false,\"FloatArrayValue\":[],\"IsSet\":false},{\"Name\":\"isNewItemInInventory_00000402\",\"SettingType\":0,\"Version\":0,\"BoolValue\":false,\"IntValue\":0,\"FloatValue\":0.0,\"StringValue\":\"\",\"Protected\":false,\"FloatArrayValue\":[],\"IsSet\":false},{\"Name\":\"consumed.00000451\",\"SettingType\":1,\"Version\":0,\"BoolValue\":false,\"IntValue\":8,\"FloatValue\":0.0,\"StringValue\":\"\",\"Protected\":false,\"FloatArrayValue\":[],\"IsSet\":false},{\"Name\":\"consumed.00000445\",\"SettingType\":1,\"Version\":0,\"BoolValue\":false,\"IntValue\":19,\"FloatValue\":0.0,\"StringValue\":\"\",\"Protected\":false,\"FloatArrayValue\":[],\"IsSet\":false},{\"Name\":\"isNewCraftingRecipeTutorial_LeafArmourRecipe\",\"SettingType\":0,\"Version\":0,\"BoolValue\":false,\"IntValue\":0,\"FloatValue\":0.0,\"StringValue\":\"\",\"Protected\":false,\"FloatArrayValue\":[],\"IsSet\":false},{\"Name\":\"isNewCraftingRecipeTutorial_TorchRecipe\",\"SettingType\":0,\"Version\":0,\"BoolValue\":false,\"IntValue\":0,\"FloatValue\":0.0,\"StringValue\":\"\",\"Protected\":false,\"FloatArrayValue\":[],\"IsSet\":false},{\"Name\":\"isNewCraftingRecipeTutorial_CraftedAxeRecipe\",\"SettingType\":0,\"Version\":0,\"BoolValue\":false,\"IntValue\":0,\"FloatValue\":0.0,\"StringValue\":\"\",\"Protected\":false,\"FloatArrayValue\":[],\"IsSet\":false},{\"Name\":\"isNewCraftingRecipeTutorial_CraftedClubRecipe\",\"SettingType\":0,\"Version\":0,\"BoolValue\":false,\"IntValue\":0,\"FloatValue\":0.0,\"StringValue\":\"\",\"Protected\":false,\"FloatArrayValue\":[],\"IsSet\":false},{\"Name\":\"isNewItemInInventory_00000415\",\"SettingType\":0,\"Version\":0,\"BoolValue\":false,\"IntValue\":0,\"FloatValue\":0.0,\"StringValue\":\"\",\"Protected\":false,\"FloatArrayValue\":[],\"IsSet\":false},{\"Name\":\"consumed.00000446\",\"SettingType\":1,\"Version\":0,\"BoolValue\":false,\"IntValue\":3,\"FloatValue\":0.0,\"StringValue\":\"\",\"Protected\":false,\"FloatArrayValue\":[],\"IsSet\":false},{\"Name\":\"seenFirstTimeEquip_00000440\",\"SettingType\":0,\"Version\":0,\"BoolValue\":true,\"IntValue\":0,\"FloatValue\":0.0,\"StringValue\":\"\",\"Protected\":false,\"FloatArrayValue\":[],\"IsSet\":false},{\"Name\":\"consumed.00000398\",\"SettingType\":1,\"Version\":0,\"BoolValue\":false,\"IntValue\":1,\"FloatValue\":0.0,\"StringValue\":\"\",\"Protected\":false,\"FloatArrayValue\":[],\"IsSet\":false},{\"Name\":\"isNewItemInInventory_00000390\",\"SettingType\":0,\"Version\":0,\"BoolValue\":false,\"IntValue\":0,\"FloatValue\":0.0,\"StringValue\":\"\",\"Protected\":false,\"FloatArrayValue\":[],\"IsSet\":false},{\"Name\":\"isNewItemInInventory_00000437\",\"SettingType\":0,\"Version\":0,\"BoolValue\":false,\"IntValue\":0,\"FloatValue\":0.0,\"StringValue\":\"\",\"Protected\":false,\"FloatArrayValue\":[],\"IsSet\":false},{\"Name\":\"isNewItemInInventory_00000418\",\"SettingType\":0,\"Version\":0,\"BoolValue\":false,\"IntValue\":0,\"FloatValue\":0.0,\"StringValue\":\"\",\"Protected\":false,\"FloatArrayValue\":[],\"IsSet\":false},{\"Name\":\"isNewItemInInventory_00000363\",\"SettingType\":0,\"Version\":0,\"BoolValue\":false,\"IntValue\":0,\"FloatValue\":0.0,\"StringValue\":\"\",\"Protected\":false,\"FloatArrayValue\":[],\"IsSet\":false},{\"Name\":\"isNewItemInInventory_00000369\",\"SettingType\":0,\"Version\":0,\"BoolValue\":false,\"IntValue\":0,\"FloatValue\":0.0,\"StringValue\":\"\",\"Protected\":false,\"FloatArrayValue\":[],\"IsSet\":false},{\"Name\":\"isNewCraftingRecipeTutorial_MolotovRecipe\",\"SettingType\":0,\"Version\":0,\"BoolValue\":false,\"IntValue\":0,\"FloatValue\":0.0,\"StringValue\":\"\",\"Protected\":false,\"FloatArrayValue\":[],\"IsSet\":false},{\"Name\":\"consumed.00000449\",\"SettingType\":1,\"Version\":0,\"BoolValue\":false,\"IntValue\":1,\"FloatValue\":0.0,\"StringValue\":\"\",\"Protected\":false,\"FloatArrayValue\":[],\"IsSet\":false},{\"Name\":\"Strength\",\"SettingType\":2,\"Version\":0,\"BoolValue\":false,\"IntValue\":0,\"FloatValue\":73.95989,\"StringValue\":\"\",\"Protected\":false,\"FloatArrayValue\":[],\"IsSet\":false},{\"Name\":\"StrengthLevel\",\"SettingType\":1,\"Version\":0,\"BoolValue\":false,\"IntValue\":6,\"FloatValue\":0.0,\"StringValue\":\"\",\"Protected\":false,\"FloatArrayValue\":[],\"IsSet\":false},{\"Name\":\"CurrentStrength\",\"SettingType\":2,\"Version\":0,\"BoolValue\":false,\"IntValue\":0,\"FloatValue\":2037.1272,\"StringValue\":\"\",\"Protected\":false,\"FloatArrayValue\":[],\"IsSet\":false},{\"Name\":\"RequiredCurrentStrengthPerLevel\",\"SettingType\":2,\"Version\":0,\"BoolValue\":false,\"IntValue\":0,\"FloatValue\":2754.36743,\"StringValue\":\"\",\"Protected\":false,\"FloatArrayValue\":[],\"IsSet\":false},{\"Name\":\"MaxHealth\",\"SettingType\":2,\"Version\":0,\"BoolValue\":false,\"IntValue\":0,\"FloatValue\":110.0,\"StringValue\":\"\",\"Protected\":false,\"FloatArrayValue\":[],\"IsSet\":false},{\"Name\":\"CurrentHealth\",\"SettingType\":2,\"Version\":0,\"BoolValue\":false,\"IntValue\":0,\"FloatValue\":28.0,\"StringValue\":\"\",\"Protected\":false,\"FloatArrayValue\":[],\"IsSet\":false},{\"Name\":\"TargetHealth\",\"SettingType\":2,\"Version\":0,\"BoolValue\":false,\"IntValue\":0,\"FloatValue\":28.0,\"StringValue\":\"\",\"Protected\":false,\"FloatArrayValue\":[],\"IsSet\":false},{\"Name\":\"Hydration\",\"SettingType\":2,\"Version\":0,\"BoolValue\":false,\"IntValue\":0,\"FloatValue\":90.79265,\"StringValue\":\"\",\"Protected\":false,\"FloatArrayValue\":[],\"IsSet\":false},{\"Name\":\"Fullness\",\"SettingType\":2,\"Version\":0,\"BoolValue\":false,\"IntValue\":0,\"FloatValue\":0.0,\"StringValue\":\"\",\"Protected\":false,\"FloatArrayValue\":[],\"IsSet\":false},{\"Name\":\"Rest\",\"SettingType\":2,\"Version\":0,\"BoolValue\":false,\"IntValue\":0,\"FloatValue\":30.303112,\"StringValue\":\"\",\"Protected\":false,\"FloatArrayValue\":[],\"IsSet\":false},{\"Name\":\"Stamina\",\"SettingType\":2,\"Version\":0,\"BoolValue\":false,\"IntValue\":0,\"FloatValue\":46.5886879,\"StringValue\":\"\",\"Protected\":false,\"FloatArrayValue\":[],\"IsSet\":false},{\"Name\":\"HydrationBuff\",\"SettingType\":2,\"Version\":0,\"BoolValue\":false,\"IntValue\":0,\"FloatValue\":-2.06198978,\"StringValue\":\"\",\"Protected\":false,\"FloatArrayValue\":[],\"IsSet\":false},{\"Name\":\"FullnessBuff\",\"SettingType\":2,\"Version\":0,\"BoolValue\":false,\"IntValue\":0,\"FloatValue\":-2.83380651,\"StringValue\":\"\",\"Protected\":false,\"FloatArrayValue\":[],\"IsSet\":false},{\"Name\":\"RestBuff\",\"SettingType\":2,\"Version\":0,\"BoolValue\":false,\"IntValue\":0,\"FloatValue\":-3.75509262E-06,\"StringValue\":\"\",\"Protected\":false,\"FloatArrayValue\":[],\"IsSet\":false},{\"Name\":\"player.position\",\"SettingType\":4,\"Version\":0,\"BoolValue\":false,\"IntValue\":0,\"FloatValue\":0.0,\"StringValue\":\"\",\"Protected\":false,\"FloatArrayValue\":[-1530.72937,20.3265343,431.137482],\"IsSet\":false},{\"Name\":\"player.rotation\",\"SettingType\":4,\"Version\":0,\"BoolValue\":false,\"IntValue\":0,\"FloatValue\":0.0,\"StringValue\":\"\",\"Protected\":false,\"FloatArrayValue\":[0.0,-0.61675483,-9.313226E-10,-0.7871554],\"IsSet\":false},{\"Name\":\"player.areaMask\",\"SettingType\":1,\"Version\":0,\"BoolValue\":false,\"IntValue\":0,\"FloatValue\":0.0,\"StringValue\":\"\",\"Protected\":false,\"FloatArrayValue\":[],\"IsSet\":false},{\"Name\":\"isNewItemInInventory_00000410\",\"SettingType\":0,\"Version\":0,\"BoolValue\":false,\"IntValue\":0,\"FloatValue\":0.0,\"StringValue\":\"\",\"Protected\":false,\"FloatArrayValue\":[],\"IsSet\":false},{\"Name\":\"isNewItemInInventory_00000599\",\"SettingType\":0,\"Version\":0,\"BoolValue\":false,\"IntValue\":0,\"FloatValue\":0.0,\"StringValue\":\"\",\"Protected\":false,\"FloatArrayValue\":[],\"IsSet\":false},{\"Name\":\"consumed.00000433\",\"SettingType\":1,\"Version\":0,\"BoolValue\":false,\"IntValue\":3,\"FloatValue\":0.0,\"StringValue\":\"\",\"Protected\":false,\"FloatArrayValue\":[],\"IsSet\":false},{\"Name\":\"isNewCraftingRecipeTutorial_CraftedArrowsRecipe\",\"SettingType\":0,\"Version\":0,\"BoolValue\":false,\"IntValue\":0,\"FloatValue\":0.0,\"StringValue\":\"\",\"Protected\":false,\"FloatArrayValue\":[],\"IsSet\":false},{\"Name\":\"seenFirstTimeEquip_00000405\",\"SettingType\":0,\"Version\":0,\"BoolValue\":true,\"IntValue\":0,\"FloatValue\":0.0,\"StringValue\":\"\",\"Protected\":false,\"FloatArrayValue\":[],\"IsSet\":false},{\"Name\":\"isNewItemInInventory_00000445\",\"SettingType\":0,\"Version\":0,\"BoolValue\":false,\"IntValue\":0,\"FloatValue\":0.0,\"StringValue\":\"\",\"Protected\":false,\"FloatArrayValue\":[],\"IsSet\":false},{\"Name\":\"consumed.00000436\",\"SettingType\":1,\"Version\":0,\"BoolValue\":false,\"IntValue\":1,\"FloatValue\":0.0,\"StringValue\":\"\",\"Protected\":false,\"FloatArrayValue\":[],\"IsSet\":false},{\"Name\":\"isNewItemInInventory_00000396\",\"SettingType\":0,\"Version\":0,\"BoolValue\":false,\"IntValue\":0,\"FloatValue\":0.0,\"StringValue\":\"\",\"Protected\":false,\"FloatArrayValue\":[],\"IsSet\":false},{\"Name\":\"DoneRemoveStructureElementTutorial\",\"SettingType\":0,\"Version\":0,\"BoolValue\":true,\"IntValue\":0,\"FloatValue\":0.0,\"StringValue\":\"\",\"Protected\":false,\"FloatArrayValue\":[],\"IsSet\":false},{\"Name\":\"seenFirstTimeEquip_00000355\",\"SettingType\":0,\"Version\":0,\"BoolValue\":true,\"IntValue\":0,\"FloatValue\":0.0,\"StringValue\":\"\",\"Protected\":false,\"FloatArrayValue\":[],\"IsSet\":false}]}"}}