{"Version":"0.0.0","Data":{"ScrewStructureInstances":"{\"_structures\":[{\"Id\":47,\"Pos\":{\"x\":-1541.134,\"y\":20.2558327,\"z\":432.7822},\"Rot\":{\"x\":0.019482065,\"y\":0.2608832,\"z\":0.0180059448,\"w\":0.9650059},\"Storages\":[]},{\"Id\":22,\"Pos\":{\"x\":-1529.52551,\"y\":20.3265343,\"z\":431.534271},\"Rot\":{\"x\":0.0,\"y\":0.0,\"z\":0.0,\"w\":1.0},\"Storages\":[]},{\"Id\":20,\"Pos\":{\"x\":-1537.3313,\"y\":19.88886,\"z\":434.4132},\"Rot\":{\"x\":0.046768304,\"y\":0.0,\"z\":-0.035461396,\"w\":0.9982761},\"Storages\":[]},{\"Id\":29,\"Pos\":{\"x\":-1523.61621,\"y\":16.548954,\"z\":442.140656},\"Rot\":{\"x\":0.0584514961,\"y\":0.0,\"z\":-0.04651638,\"w\":0.997206},\"Storages\":[{\"Version\":\"0.0.0\",\"ItemBlocks\":[{\"ItemId\":392,\"TotalCount\":7,\"UniqueItems\":[{\"Modules\":[{\"ChannelWeights\":{\"x\":0.0,\"y\":0.0,\"z\":0.0,\"w\":0.0},\"Version\":\"0.0.0\",\"ModuleId\":0}]},{\"Modules\":[{\"ChannelWeights\":{\"x\":0.0,\"y\":0.0,\"z\":0.0,\"w\":0.0},\"Version\":\"0.0.0\",\"ModuleId\":0}]},{\"Modules\":[{\"ChannelWeights\":{\"x\":0.0,\"y\":0.0,\"z\":0.0,\"w\":0.0},\"Version\":\"0.0.0\",\"ModuleId\":0}]},{\"Modules\":[{\"ChannelWeights\":{\"x\":0.0,\"y\":0.0,\"z\":0.0,\"w\":0.0},\"Version\":\"0.0.0\",\"ModuleId\":0}]},{\"Modules\":[{\"ChannelWeights\":{\"x\":0.0,\"y\":0.0,\"z\":0.0,\"w\":0.0},\"Version\":\"0.0.0\",\"ModuleId\":0}]},{\"Modules\":[{\"ChannelWeights\":{\"x\":0.0,\"y\":0.0,\"z\":0.0,\"w\":0.0},\"Version\":\"0.0.0\",\"ModuleId\":0}]},{\"Modules\":[{\"ChannelWeights\":{\"x\":0.0,\"y\":0.0,\"z\":0.0,\"w\":0.0},\"Version\":\"0.0.0\",\"ModuleId\":0}]}]}]}]},{\"Id\":20,\"Pos\":{\"x\":-1536.56458,\"y\":19.8195,\"z\":434.43985},\"Rot\":{\"x\":0.04679787,\"y\":0.0,\"z\":-0.046492,\"w\":0.997821867},\"Storages\":[]},{\"Id\":20,\"Pos\":{\"x\":-1535.80737,\"y\":19.7291622,\"z\":434.5651},\"Rot\":{\"x\":0.05816884,\"y\":0.0,\"z\":-0.058781147,\"w\":0.9965747},\"Storages\":[]},{\"Id\":49,\"Pos\":{\"x\":-1543.51306,\"y\":20.0384235,\"z\":433.55542},\"Rot\":{\"x\":-0.0182445087,\"y\":0.311006337,\"z\":0.0184421949,\"w\":0.950053751},\"Storages\":[{\"Version\":\"0.0.0\",\"ItemBlocks\":[{\"ItemId\":415,\"TotalCount\":2,\"UniqueItems\":[]}]},{\"Version\":\"0.0.0\",\"ItemBlocks\":[{\"ItemId\":410,\"TotalCount\":3,\"UniqueItems\":[]}]},{\"Version\":\"0.0.0\",\"ItemBlocks\":[{\"ItemId\":369,\"TotalCount\":4,\"UniqueItems\":[]}]},{\"Version\":\"0.0.0\",\"ItemBlocks\":[{\"ItemId\":363,\"TotalCount\":7,\"UniqueItems\":[]}]},{\"Version\":\"0.0.0\",\"ItemBlocks\":[]},{\"Version\":\"0.0.0\",\"ItemBlocks\":[{\"ItemId\":414,\"TotalCount\":1,\"UniqueItems\":[]}]},{\"Version\":\"0.0.0\",\"ItemBlocks\":[{\"ItemId\":390,\"TotalCount\":4,\"UniqueItems\":[]}]},{\"Version\":\"0.0.0\",\"ItemBlocks\":[{\"ItemId\":418,\"TotalCount\":2,\"UniqueItems\":[]}]},{\"Version\":\"0.0.0\",\"ItemBlocks\":[{\"ItemId\":484,\"TotalCount\":45,\"UniqueItems\":[]}]},{\"Version\":\"0.0.0\",\"ItemBlocks\":[{\"ItemId\":430,\"TotalCount\":1,\"UniqueItems\":[]}]},{\"Version\":\"0.0.0\",\"ItemBlocks\":[{\"ItemId\":430,\"TotalCount\":1,\"UniqueItems\":[]}]},{\"Version\":\"0.0.0\",\"ItemBlocks\":[{\"ItemId\":430,\"TotalCount\":1,\"UniqueItems\":[]}]}]},{\"Id\":49,\"Pos\":{\"x\":-1544.90015,\"y\":19.9517651,\"z\":434.5564},\"Rot\":{\"x\":0.0151252337,\"y\":0.310941219,\"z\":0.0293696262,\"w\":0.949854851},\"Storages\":[{\"Version\":\"0.0.0\",\"ItemBlocks\":[{\"ItemId\":479,\"TotalCount\":2,\"UniqueItems\":[]}]},{\"Version\":\"0.0.0\",\"ItemBlocks\":[{\"ItemId\":381,\"TotalCount\":2,\"UniqueItems\":[]}]},{\"Version\":\"0.0.0\",\"ItemBlocks\":[{\"ItemId\":524,\"TotalCount\":4,\"UniqueItems\":[]}]},{\"Version\":\"0.0.0\",\"ItemBlocks\":[]},{\"Version\":\"0.0.0\",\"ItemBlocks\":[{\"ItemId\":476,\"TotalCount\":9,\"UniqueItems\":[]}]},{\"Version\":\"0.0.0\",\"ItemBlocks\":[{\"ItemId\":437,\"TotalCount\":2,\"UniqueItems\":[]}]},{\"Version\":\"0.0.0\",\"ItemBlocks\":[{\"ItemId\":398,\"TotalCount\":2,\"UniqueItems\":[]}]},{\"Version\":\"0.0.0\",\"ItemBlocks\":[{\"ItemId\":599,\"TotalCount\":2,\"UniqueItems\":[]}]},{\"Version\":\"0.0.0\",\"ItemBlocks\":[{\"ItemId\":440,\"TotalCount\":7,\"UniqueItems\":[]}]},{\"Version\":\"0.0.0\",\"ItemBlocks\":[]},{\"Version\":\"0.0.0\",\"ItemBlocks\":[]},{\"Version\":\"0.0.0\",\"ItemBlocks\":[]}]},{\"Id\":49,\"Pos\":{\"x\":-1544.89209,\"y\":19.8283978,\"z\":436.016174},\"Rot\":{\"x\":-0.00226103887,\"y\":0.8693827,\"z\":0.06830973,\"w\":0.489389956},\"Storages\":[{\"Version\":\"0.0.0\",\"ItemBlocks\":[{\"ItemId\":390,\"TotalCount\":4,\"UniqueItems\":[]}]},{\"Version\":\"0.0.0\",\"ItemBlocks\":[{\"ItemId\":390,\"TotalCount\":4,\"UniqueItems\":[]}]},{\"Version\":\"0.0.0\",\"ItemBlocks\":[{\"ItemId\":390,\"TotalCount\":4,\"UniqueItems\":[]}]},{\"Version\":\"0.0.0\",\"ItemBlocks\":[{\"ItemId\":390,\"TotalCount\":4,\"UniqueItems\":[]}]},{\"Version\":\"0.0.0\",\"ItemBlocks\":[{\"ItemId\":390,\"TotalCount\":4,\"UniqueItems\":[]}]},{\"Version\":\"0.0.0\",\"ItemBlocks\":[{\"ItemId\":390,\"TotalCount\":4,\"UniqueItems\":[]}]},{\"Version\":\"0.0.0\",\"ItemBlocks\":[{\"ItemId\":390,\"TotalCount\":4,\"UniqueItems\":[]}]},{\"Version\":\"0.0.0\",\"ItemBlocks\":[{\"ItemId\":390,\"TotalCount\":4,\"UniqueItems\":[]}]},{\"Version\":\"0.0.0\",\"ItemBlocks\":[{\"ItemId\":390,\"TotalCount\":4,\"UniqueItems\":[]}]},{\"Version\":\"0.0.0\",\"ItemBlocks\":[{\"ItemId\":390,\"TotalCount\":4,\"UniqueItems\":[]}]},{\"Version\":\"0.0.0\",\"ItemBlocks\":[{\"ItemId\":390,\"TotalCount\":4,\"UniqueItems\":[]}]},{\"Version\":\"0.0.0\",\"ItemBlocks\":[{\"ItemId\":390,\"TotalCount\":4,\"UniqueItems\":[]}]}]},{\"Id\":49,\"Pos\":{\"x\":-1543.98438,\"y\":19.70269,\"z\":437.446},\"Rot\":{\"x\":0.00329417922,\"y\":0.868744731,\"z\":0.07823531,\"w\":0.4890308},\"Storages\":[{\"Version\":\"0.0.0\",\"ItemBlocks\":[{\"ItemId\":390,\"TotalCount\":4,\"UniqueItems\":[]}]},{\"Version\":\"0.0.0\",\"ItemBlocks\":[{\"ItemId\":390,\"TotalCount\":4,\"UniqueItems\":[]}]},{\"Version\":\"0.0.0\",\"ItemBlocks\":[{\"ItemId\":390,\"TotalCount\":4,\"UniqueItems\":[]}]},{\"Version\":\"0.0.0\",\"ItemBlocks\":[{\"ItemId\":390,\"TotalCount\":4,\"UniqueItems\":[]}]},{\"Version\":\"0.0.0\",\"ItemBlocks\":[{\"ItemId\":390,\"TotalCount\":4,\"UniqueItems\":[]}]},{\"Version\":\"0.0.0\",\"ItemBlocks\":[{\"ItemId\":390,\"TotalCount\":4,\"UniqueItems\":[]}]},{\"Version\":\"0.0.0\",\"ItemBlocks\":[{\"ItemId\":390,\"TotalCount\":4,\"UniqueItems\":[]}]},{\"Version\":\"0.0.0\",\"ItemBlocks\":[{\"ItemId\":390,\"TotalCount\":4,\"UniqueItems\":[]}]},{\"Version\":\"0.0.0\",\"ItemBlocks\":[{\"ItemId\":390,\"TotalCount\":4,\"UniqueItems\":[]}]},{\"Version\":\"0.0.0\",\"ItemBlocks\":[{\"ItemId\":390,\"TotalCount\":4,\"UniqueItems\":[]}]},{\"Version\":\"0.0.0\",\"ItemBlocks\":[{\"ItemId\":390,\"TotalCount\":4,\"UniqueItems\":[]}]},{\"Version\":\"0.0.0\",\"ItemBlocks\":[{\"ItemId\":390,\"TotalCount\":4,\"UniqueItems\":[]}]}]},{\"Id\":46,\"Pos\":{\"x\":-1524.38037,\"y\":29.58881,\"z\":394.6461},\"Rot\":{\"x\":0.109347671,\"y\":0.818744957,\"z\":0.03165101,\"w\":0.5627593},\"Storages\":[]},{\"Id\":46,\"Pos\":{\"x\":-1522.47559,\"y\":29.4475479,\"z\":393.902252},\"Rot\":{\"x\":0.09645339,\"y\":0.819336355,\"z\":0.02579575,\"w\":0.5645523},\"Storages\":[]},{\"Id\":46,\"Pos\":{\"x\":-1520.56323,\"y\":29.2564621,\"z\":393.1582},\"Rot\":{\"x\":0.106544711,\"y\":0.8178869,\"z\":0.000966940366,\"w\":0.5654276},\"Storages\":[]},{\"Id\":46,\"Pos\":{\"x\":-1506.20581,\"y\":22.1237278,\"z\":401.990356},\"Rot\":{\"x\":0.180713847,\"y\":0.195379332,\"z\":-0.07393199,\"w\":0.961095},\"Storages\":[]},{\"Id\":46,\"Pos\":{\"x\":-1506.89063,\"y\":22.86784,\"z\":400.279724},\"Rot\":{\"x\":0.179256439,\"y\":0.190312549,\"z\":-0.07243589,\"w\":0.9624975},\"Storages\":[]},{\"Id\":46,\"Pos\":{\"x\":-1507.57568,\"y\":23.65986,\"z\":398.571472},\"Rot\":{\"x\":0.20652777,\"y\":0.191323876,\"z\":-0.0566384755,\"w\":0.9578797},\"Storages\":[]},{\"Id\":46,\"Pos\":{\"x\":-1508.26465,\"y\":24.5699253,\"z\":396.879822},\"Rot\":{\"x\":0.24236834,\"y\":0.182583109,\"z\":-0.03266238,\"w\":0.9522889},\"Storages\":[]},{\"Id\":40,\"Pos\":{\"x\":-1535.78918,\"y\":16.7380753,\"z\":447.443634},\"Rot\":{\"x\":0.0737139359,\"y\":0.2602628,\"z\":-0.004162457,\"w\":0.9627109},\"Storages\":[]},{\"Id\":40,\"Pos\":{\"x\":-1535.0625,\"y\":16.5687962,\"z\":448.499573},\"Rot\":{\"x\":0.04831598,\"y\":0.260670245,\"z\":0.000401884317,\"w\":0.9642181},\"Storages\":[]},{\"Id\":40,\"Pos\":{\"x\":-1536.41211,\"y\":16.5516586,\"z\":449.276642},\"Rot\":{\"x\":0.0370902643,\"y\":0.26079458,\"z\":-0.00262683537,\"w\":0.964678},\"Storages\":[]},{\"Id\":40,\"Pos\":{\"x\":-1537.72717,\"y\":16.5343361,\"z\":450.020142},\"Rot\":{\"x\":0.0483165681,\"y\":0.260670245,\"z\":0.000401888043,\"w\":0.964218},\"Storages\":[]},{\"Id\":40,\"Pos\":{\"x\":-1537.09314,\"y\":16.690155,\"z\":448.2223},\"Rot\":{\"x\":0.08472128,\"y\":0.2600366,\"z\":-0.0012088418,\"w\":0.9618742},\"Storages\":[]},{\"Id\":45,\"Pos\":{\"x\":-1539.89233,\"y\":15.7388468,\"z\":468.731232},\"Rot\":{\"x\":0.03251009,\"y\":0.7862392,\"z\":0.00383240916,\"w\":0.6170546},\"Storages\":[]},{\"Id\":40,\"Pos\":{\"x\":-1538.45129,\"y\":16.6566849,\"z\":449.039246},\"Rot\":{\"x\":0.062450204,\"y\":0.260458916,\"z\":-0.007192625,\"w\":0.963436246},\"Storages\":[]},{\"Id\":35,\"Pos\":{\"x\":-1567.60425,\"y\":13.3392258,\"z\":527.79},\"Rot\":{\"x\":-0.0004323367,\"y\":0.7070363,\"z\":0.0168333873,\"w\":0.7069768},\"Storages\":[]},{\"Id\":23,\"Pos\":{\"x\":-1488.81152,\"y\":19.9148445,\"z\":420.1731},\"Rot\":{\"x\":0.00310325134,\"y\":-0.497801363,\"z\":0.00178119657,\"w\":0.8672837},\"Storages\":[]},{\"Id\":23,\"Pos\":{\"x\":-1489.58081,\"y\":20.0710869,\"z\":418.865021},\"Rot\":{\"x\":0.0302662551,\"y\":-0.500025868,\"z\":0.0174896866,\"w\":0.8653047},\"Storages\":[]},{\"Id\":35,\"Pos\":{\"x\":-1567.049,\"y\":13.3168192,\"z\":530.2935},\"Rot\":{\"x\":-0.00863238,\"y\":0.707083941,\"z\":0.008631651,\"w\":0.707024336},\"Storages\":[]},{\"Id\":32,\"Pos\":{\"x\":-1538.68188,\"y\":20.2043419,\"z\":431.11792},\"Rot\":{\"x\":0.0766368061,\"y\":0.2601738,\"z\":-0.0160629749,\"w\":0.962381661},\"Storages\":[{\"Version\":\"0.0.0\",\"ItemBlocks\":[{\"ItemId\":405,\"TotalCount\":33,\"UniqueItems\":[{\"Modules\":[{\"ChannelWeights\":{\"x\":0.0,\"y\":0.0,\"z\":0.0,\"w\":0.0},\"Version\":\"0.0.0\",\"ModuleId\":0}]},{\"Modules\":[{\"ChannelWeights\":{\"x\":0.0,\"y\":0.0,\"z\":0.0,\"w\":0.0},\"Version\":\"0.0.0\",\"ModuleId\":0}]},{\"Modules\":[{\"ChannelWeights\":{\"x\":0.0,\"y\":0.0,\"z\":0.0,\"w\":0.0},\"Version\":\"0.0.0\",\"ModuleId\":0}]},{\"Modules\":[{\"ChannelWeights\":{\"x\":0.0,\"y\":0.0,\"z\":0.0,\"w\":0.0},\"Version\":\"0.0.0\",\"ModuleId\":0}]},{\"Modules\":[{\"ChannelWeights\":{\"x\":0.0,\"y\":0.0,\"z\":0.0,\"w\":0.0},\"Version\":\"0.0.0\",\"ModuleId\":0}]},{\"Modules\":[{\"ChannelWeights\":{\"x\":0.0,\"y\":0.0,\"z\":0.0,\"w\":0.0},\"Version\":\"0.0.0\",\"ModuleId\":0}]},{\"Modules\":[{\"ChannelWeights\":{\"x\":0.0,\"y\":0.0,\"z\":0.0,\"w\":0.0},\"Version\":\"0.0.0\",\"ModuleId\":0}]},{\"Modules\":[{\"ChannelWeights\":{\"x\":0.0,\"y\":0.0,\"z\":0.0,\"w\":0.0},\"Version\":\"0.0.0\",\"ModuleId\":0}]},{\"Modules\":[{\"ChannelWeights\":{\"x\":0.0,\"y\":0.0,\"z\":0.0,\"w\":0.0},\"Version\":\"0.0.0\",\"ModuleId\":0}]},{\"Modules\":[{\"ChannelWeights\":{\"x\":0.0,\"y\":0.0,\"z\":0.0,\"w\":0.0},\"Version\":\"0.0.0\",\"ModuleId\":0}]},{\"Modules\":[{\"ChannelWeights\":{\"x\":0.0,\"y\":0.0,\"z\":0.0,\"w\":0.0},\"Version\":\"0.0.0\",\"ModuleId\":0}]},{\"Modules\":[{\"ChannelWeights\":{\"x\":0.0,\"y\":0.0,\"z\":0.0,\"w\":0.0},\"Version\":\"0.0.0\",\"ModuleId\":0}]},{\"Modules\":[{\"ChannelWeights\":{\"x\":0.0,\"y\":0.0,\"z\":0.0,\"w\":0.0},\"Version\":\"0.0.0\",\"ModuleId\":0}]},{\"Modules\":[{\"ChannelWeights\":{\"x\":0.0,\"y\":0.0,\"z\":0.0,\"w\":0.0},\"Version\":\"0.0.0\",\"ModuleId\":0}]},{\"Modules\":[{\"ChannelWeights\":{\"x\":0.0,\"y\":0.0,\"z\":0.0,\"w\":0.0},\"Version\":\"0.0.0\",\"ModuleId\":0}]},{\"Modules\":[{\"ChannelWeights\":{\"x\":0.0,\"y\":0.0,\"z\":0.0,\"w\":0.0},\"Version\":\"0.0.0\",\"ModuleId\":0}]},{\"Modules\":[{\"ChannelWeights\":{\"x\":0.0,\"y\":0.0,\"z\":0.0,\"w\":0.0},\"Version\":\"0.0.0\",\"ModuleId\":0}]},{\"Modules\":[{\"ChannelWeights\":{\"x\":0.0,\"y\":0.0,\"z\":0.0,\"w\":0.0},\"Version\":\"0.0.0\",\"ModuleId\":0}]},{\"Modules\":[{\"ChannelWeights\":{\"x\":0.0,\"y\":0.0,\"z\":0.0,\"w\":0.0},\"Version\":\"0.0.0\",\"ModuleId\":0}]},{\"Modules\":[{\"ChannelWeights\":{\"x\":0.0,\"y\":0.0,\"z\":0.0,\"w\":0.0},\"Version\":\"0.0.0\",\"ModuleId\":0}]}]}]}]}]}"}}