{"Version":"0.0.0","Data":{"WorldObjectLocatorManager":"{\"Version\":\"0.0.0\",\"SerializedStates\":[{\"Key\":\"3918BAFFFE6B0800F0BDF2FF\",\"Value\":3},{\"Key\":\"FBC5BAFF8E710800B465F2FF\",\"Value\":1},{\"Key\":\"53E1BAFF65710800286AF2FF\",\"Value\":1},{\"Key\":\"14D5BAFF1A710800427AF2FF\",\"Value\":1},{\"Key\":\"6BE8BAFF587008000484F2FF\",\"Value\":1},{\"Key\":\"1CE7BAFFCD6F0800538DF2FF\",\"Value\":1},{\"Key\":\"9CD0BAFF07700800DD8DF2FF\",\"Value\":1},{\"Key\":\"8EE9BAFF936D080096A6F2FF\",\"Value\":1},{\"Key\":\"D7C5BAFFDB6C0800C4ACF2FF\",\"Value\":1},{\"Key\":\"8CB0BAFFD56C08003FA7F2FF\",\"Value\":1},{\"Key\":\"6EB5BAFF4F6E0800E29CF2FF\",\"Value\":1},{\"Key\":\"42F9BAFF396F0800738FF2FF\",\"Value\":1},{\"Key\":\"4DEBBAFF406A080048C0F2FF\",\"Value\":1},{\"Key\":\"81DFBAFF636608008FDAF2FF\",\"Value\":1},{\"Key\":\"7DC7BAFF08660800D2D9F2FF\",\"Value\":1},{\"Key\":\"47BCBAFF9A710800F535F2FF\",\"Value\":1},{\"Key\":\"31AFBAFFFA7108005446F2FF\",\"Value\":1},{\"Key\":\"1DD0BAFF8D7108008A2BF2FF\",\"Value\":1},{\"Key\":\"CDC5BAFFB6710800AD1AF2FF\",\"Value\":1},{\"Key\":\"EB94BAFF8E750800AD18F2FF\",\"Value\":1},{\"Key\":\"327CBAFF21780800C81AF2FF\",\"Value\":1},{\"Key\":\"457FBAFFD5780800A6FBF1FF\",\"Value\":1},{\"Key\":\"8996BAFF2D76080054E4F1FF\",\"Value\":1},{\"Key\":\"EA88BAFF49780800DFD6F1FF\",\"Value\":1},{\"Key\":\"8088BAFFE5770800F2E2F1FF\",\"Value\":1},{\"Key\":\"D494BAFF077608009800F2FF\",\"Value\":1},{\"Key\":\"6870BAFFBF7A080014E8F1FF\",\"Value\":1},{\"Key\":\"2703BBFF3D640800E9E2F2FF\",\"Value\":3},{\"Key\":\"D71EBBFF5E5F080088F5F2FF\",\"Value\":1},{\"Key\":\"F2FBBAFFAD61080056F2F2FF\",\"Value\":1},{\"Key\":\"8A09BBFF3D60080096F6F2FF\",\"Value\":1},{\"Key\":\"BBE8BAFF1B5E08004305F3FF\",\"Value\":1},{\"Key\":\"3703BBFF3A5708001325F3FF\",\"Value\":3},{\"Key\":\"F0E2BAFF32710800EC23F2FF\",\"Value\":1},{\"Key\":\"7257BBFF865B0800D702F3FF\",\"Value\":3},{\"Key\":\"8A12BBFF82500800DE44F3FF\",\"Value\":3},{\"Key\":\"3C37BBFF73610800E9E0F2FF\",\"Value\":1},{\"Key\":\"674ABBFFCE6308002AD7F2FF\",\"Value\":1},{\"Key\":\"7A40BBFFF7660800C4C5F2FF\",\"Value\":1},{\"Key\":\"8D19BBFF7E5C08004D08F3FF\",\"Value\":1},{\"Key\":\"8D37BBFFAC5D0800D2F6F2FF\",\"Value\":1},{\"Key\":\"A57BBBFF9265080026E6F2FF\",\"Value\":1},{\"Key\":\"49E3BBFF5B780800C9F7F2FF\",\"Value\":1},{\"Key\":\"4AD4BBFF8B6D0800C712F3FF\",\"Value\":1},{\"Key\":\"CBDABBFF967C080076E6F2FF\",\"Value\":1},{\"Key\":\"9D72BBFF9C5508003D2CF3FF\",\"Value\":1},{\"Key\":\"BC65BBFFFF5308005B2EF3FF\",\"Value\":1},{\"Key\":\"AE8CBBFF64560800003BF3FF\",\"Value\":1},{\"Key\":\"ED32BBFF93510800AF39F3FF\",\"Value\":1},{\"Key\":\"0428BBFF8B6A08007BACF2FF\",\"Value\":1},{\"Key\":\"802ABBFFCE5808008A15F3FF\",\"Value\":1},{\"Key\":\"F349BBFF6E6D080021A5F2FF\",\"Value\":2},{\"Key\":\"3C2DBBFFDE6E0800AE8DF2FF\",\"Value\":1},{\"Key\":\"C044BBFFBD520800412FF3FF\",\"Value\":1},{\"Key\":\"CD4ABBFF534F08003848F3FF\",\"Value\":1},{\"Key\":\"845ABBFF70510800343CF3FF\",\"Value\":1},{\"Key\":\"AC48BBFFF84D08008E51F3FF\",\"Value\":1},{\"Key\":\"F82FBBFFF94A08002B61F3FF\",\"Value\":1},{\"Key\":\"8C80BAFFAF280800E5AAF3FF\",\"Value\":3},{\"Key\":\"3AD5BAFF3B2A08006303F4FF\",\"Value\":1},{\"Key\":\"5C9BBAFFDC2808004CC3F3FF\",\"Value\":1},{\"Key\":\"4FD3BAFF8B290800E8F1F3FF\",\"Value\":1},{\"Key\":\"9718BBFF5C3208008E5FF4FF\",\"Value\":1},{\"Key\":\"EBCABAFFFA2A08004E16F4FF\",\"Value\":1},{\"Key\":\"087EBAFF602808001FD2F3FF\",\"Value\":3},{\"Key\":\"565ABBFFFD750800E680F2FF\",\"Value\":1},{\"Key\":\"2F1CBBFF807208005F3EF2FF\",\"Value\":2},{\"Key\":\"435EBAFF9F2A0800CC7DF3FF\",\"Value\":1},{\"Key\":\"92AABAFF9B4508005351F3FF\",\"Value\":1},{\"Key\":\"91D0BAFF3E4308006869F3FF\",\"Value\":3},{\"Key\":\"4DACBAFF994C0800673DF3FF\",\"Value\":1},{\"Key\":\"1ED6BAFFBE4F08002F3FF3FF\",\"Value\":1},{\"Key\":\"5996BAFFB0590800601AF3FF\",\"Value\":1},{\"Key\":\"79D6BAFF363F08007079F3FF\",\"Value\":3},{\"Key\":\"54E4BAFFFD4B0800F250F3FF\",\"Value\":1},{\"Key\":\"781EBBFFD06F0800707FF2FF\",\"Value\":1},{\"Key\":\"A068BBFF587008005CADF2FF\",\"Value\":1},{\"Key\":\"EE0FBBFF9F6B0800CAAAF2FF\",\"Value\":1},{\"Key\":\"D5E4BAFF09470800C763F3FF\",\"Value\":1},{\"Key\":\"D996BAFF75250800ABBCF4FF\",\"Value\":1},{\"Key\":\"1297BAFF162908002E96F4FF\",\"Value\":1},{\"Key\":\"F697BAFF03260800CAF4F4FF\",\"Value\":1},{\"Key\":\"1D99BAFF912508006A07F5FF\",\"Value\":1},{\"Key\":\"B496BAFF522A0800B083F4FF\",\"Value\":1},{\"Key\":\"33B1BAFFD72208002471F5FF\",\"Value\":3},{\"Key\":\"8484BAFF3D24080014AEF4FF\",\"Value\":1},{\"Key\":\"82F4BBFF7CE507000A3DFBFF\",\"Value\":1},{\"Key\":\"32D5BBFFCCE907009F30FBFF\",\"Value\":1},{\"Key\":\"5995BBFF07D60700E40CFCFF\",\"Value\":1},{\"Key\":\"CB74BBFF1BD90700DDFFFBFF\",\"Value\":1},{\"Key\":\"9A68BBFFB3D407003D2BFCFF\",\"Value\":1},{\"Key\":\"317CBBFFAFD50700681DFCFF\",\"Value\":1},{\"Key\":\"DD67BBFFDBCE07000B5FFCFF\",\"Value\":1},{\"Key\":\"225DBBFFBFCD07004F6DFCFF\",\"Value\":1},{\"Key\":\"8568BBFF28CB0700C27DFCFF\",\"Value\":1},{\"Key\":\"7C68BBFF53C907003A8BFCFF\",\"Value\":1},{\"Key\":\"7F4EBBFF34C6070002AAFCFF\",\"Value\":1},{\"Key\":\"124EBBFF2BC407008FB8FCFF\",\"Value\":1},{\"Key\":\"1059BBFF3EC6070036A6FCFF\",\"Value\":1},{\"Key\":\"8A28BBFFD2B307007835FDFF\",\"Value\":1},{\"Key\":\"7411BBFFF0B00700BD4BFDFF\",\"Value\":1},{\"Key\":\"DF27BBFFC49E0700FAAEFDFF\",\"Value\":1},{\"Key\":\"9A14BBFF979A070018C8FDFF\",\"Value\":1},{\"Key\":\"6709BBFF619E0700BDB6FDFF\",\"Value\":1},{\"Key\":\"94BEBAFF8F510700361FFFFF\",\"Value\":1},{\"Key\":\"33B1BAFF315607005F0DFFFF\",\"Value\":1},{\"Key\":\"90D7BAFFFC4B07006133FFFF\",\"Value\":1},{\"Key\":\"D0B2BAFF7D480700CD44FFFF\",\"Value\":1},{\"Key\":\"6FAEBAFF68410700DF5FFFFF\",\"Value\":1},{\"Key\":\"6DABBAFFB34E0700012CFFFF\",\"Value\":1},{\"Key\":\"9CA1BAFFCD530700D817FFFF\",\"Value\":1},{\"Key\":\"1CA3BAFF293B07005477FFFF\",\"Value\":1},{\"Key\":\"57BCBAFFE53B07008174FFFF\",\"Value\":1},{\"Key\":\"3EA3BAFF26370700DC86FFFF\",\"Value\":1},{\"Key\":\"91D8BAFF1B2F0700D1A4FFFF\",\"Value\":1},{\"Key\":\"44DFBAFFEE3407007D8EFFFF\",\"Value\":1},{\"Key\":\"BDCFBAFFFE3607006887FFFF\",\"Value\":1},{\"Key\":\"78F7BAFF361E070044E0FFFF\",\"Value\":1},{\"Key\":\"20EBBAFF832E07006DA5FFFF\",\"Value\":1},{\"Key\":\"FCE5BAFFBE2C0700BBACFFFF\",\"Value\":1},{\"Key\":\"74E9BAFF33270700A7C0FFFF\",\"Value\":1},{\"Key\":\"35A1BAFF7483060027C90100\",\"Value\":1},{\"Key\":\"41B5BAFFB18705002E660500\",\"Value\":1},{\"Key\":\"12A3BAFFE67A0500FB800500\",\"Value\":1},{\"Key\":\"1D99BAFF4E7C0500E8720500\",\"Value\":1},{\"Key\":\"DB31B8FFDCFB03001F040900\",\"Value\":1},{\"Key\":\"7D37B8FFE0FA03007C1F0900\",\"Value\":1},{\"Key\":\"D057B8FF2A02040054E00800\",\"Value\":1},{\"Key\":\"EB2FB8FFFAF403009B3E0900\",\"Value\":1},{\"Key\":\"8C56B8FF520204006CF00800\",\"Value\":1},{\"Key\":\"B11FB8FFB9F003004C3D0900\",\"Value\":1},{\"Key\":\"D84EB8FF38010400C0EC0800\",\"Value\":1},{\"Key\":\"862FB8FF26FC0300D7FA0800\",\"Value\":1},{\"Key\":\"0124B8FFCDF7030079150900\",\"Value\":1},{\"Key\":\"090FB8FF34F7030038F40800\",\"Value\":1},{\"Key\":\"E801B8FFEDF5030057E00800\",\"Value\":1},{\"Key\":\"E2FDB7FF0CF30300ABFD0800\",\"Value\":1},{\"Key\":\"4C02B7FFFBBD030000E10900\",\"Value\":1},{\"Key\":\"EBE4B6FFECBB03006BE10900\",\"Value\":1},{\"Key\":\"B3DDB6FFDFB9030004E80900\",\"Value\":1},{\"Key\":\"51C5B6FF86B1030010FF0900\",\"Value\":1},{\"Key\":\"03CAB6FF75B00300C5060A00\",\"Value\":1},{\"Key\":\"40D7B6FFB8A60300F9340A00\",\"Value\":1},{\"Key\":\"99C9B6FFBAA6030087360A00\",\"Value\":1},{\"Key\":\"89B1B6FF5CA60300BF450A00\",\"Value\":1},{\"Key\":\"E929B6FF3D8E0300D7B50A00\",\"Value\":1},{\"Key\":\"5E0FB6FF8E9003004EB30A00\",\"Value\":1},{\"Key\":\"982DB6FF368C03002EA90A00\",\"Value\":1},{\"Key\":\"9111B6FF6F8D030056CE0A00\",\"Value\":1},{\"Key\":\"0D05B6FFF68E03005EC10A00\",\"Value\":1},{\"Key\":\"B502B6FF128D030009D00A00\",\"Value\":1},{\"Key\":\"C8E0B5FFE3880300B9E00A00\",\"Value\":1},{\"Key\":\"E3D3B5FFF186030005E90A00\",\"Value\":1},{\"Key\":\"DBBCB5FFCC800300820D0B00\",\"Value\":1},{\"Key\":\"E1C6B5FF987B0300D0450B00\",\"Value\":1},{\"Key\":\"8FCDB5FF217B030090540B00\",\"Value\":1},{\"Key\":\"71EEB5FFF57D03007E530B00\",\"Value\":1},{\"Key\":\"B8ECB5FFF67C030002630B00\",\"Value\":1},{\"Key\":\"6E00B6FF007C0300E4760B00\",\"Value\":1},{\"Key\":\"F5F0B5FF75790300DE8A0B00\",\"Value\":1},{\"Key\":\"4A0CB6FF7775030095C10B00\",\"Value\":1},{\"Key\":\"B3F9B5FF4076030024AD0B00\",\"Value\":1},{\"Key\":\"760EB6FFBA780300D7A70B00\",\"Value\":1},{\"Key\":\"BB2AB6FF7D77030048B60B00\",\"Value\":1},{\"Key\":\"6514B6FF9B70030036DC0B00\",\"Value\":1},{\"Key\":\"F6D2B5FF175203007B500C00\",\"Value\":1},{\"Key\":\"043CB6FFD84A030097710C00\",\"Value\":1},{\"Key\":\"78B9B5FF7C490300E9710C00\",\"Value\":1},{\"Key\":\"7997B4FF14330300B04D0D00\",\"Value\":1},{\"Key\":\"208EB4FF153303003E570D00\",\"Value\":1},{\"Key\":\"0062B4FF6B3303002D900D00\",\"Value\":1},{\"Key\":\"CC57B4FF6B330300F49E0D00\",\"Value\":1},{\"Key\":\"545FB4FF6B3303002CA90D00\",\"Value\":1},{\"Key\":\"5256B4FF6B33030050B90D00\",\"Value\":1},{\"Key\":\"B361B4FF6B33030024C90D00\",\"Value\":1},{\"Key\":\"DF6EB4FF6B330300CCD20D00\",\"Value\":1},{\"Key\":\"3A53B4FF6B3303007ED70D00\",\"Value\":1},{\"Key\":\"2148B4FF6B330300D2E20D00\",\"Value\":1},{\"Key\":\"4CE7B3FF400703008C150E00\",\"Value\":1},{\"Key\":\"1BD0B3FF57080300841D0E00\",\"Value\":1},{\"Key\":\"47CDB3FF1908030010240E00\",\"Value\":1},{\"Key\":\"BCBBB3FF3F09030021220E00\",\"Value\":1},{\"Key\":\"D3C5B3FF1E0603002D3C0E00\",\"Value\":1},{\"Key\":\"AEE1B3FF49050300C83C0E00\",\"Value\":1},{\"Key\":\"7DC0B3FF850503006E440E00\",\"Value\":1},{\"Key\":\"3E9DB3FFAB070300303E0E00\",\"Value\":1},{\"Key\":\"1CAAB3FF49050300ED570E00\",\"Value\":1},{\"Key\":\"7CBCB3FF6FF20200A2EA0E00\",\"Value\":1},{\"Key\":\"93B5B3FF09F20200B6F30E00\",\"Value\":1},{\"Key\":\"A56DB2FF46CB020077CD0F00\",\"Value\":1},{\"Key\":\"2843B2FFC7B40200FF3F1000\",\"Value\":1},{\"Key\":\"88DBB2FF51D0020044960F00\",\"Value\":1},{\"Key\":\"DEF2B2FF14CD0200119C0F00\",\"Value\":1},{\"Key\":\"21BCB2FF86D10200B39B0F00\",\"Value\":1},{\"Key\":\"42B2A1FF7FAD010023D11900\",\"Value\":3},{\"Key\":\"F72FA3FFDCAD01006C9A1800\",\"Value\":1},{\"Key\":\"4809A3FF8DB80100B19A1800\",\"Value\":1},{\"Key\":\"D2E7A2FF84BE010077AB1800\",\"Value\":1},{\"Key\":\"6BE0A2FFE9B0010083FD1800\",\"Value\":3},{\"Key\":\"C7BEA2FF2FC401007ABB1800\",\"Value\":3},{\"Key\":\"FE8DA1FF7AA3010032001A00\",\"Value\":1},{\"Key\":\"2CAEA1FFDAA10100F1F41900\",\"Value\":1},{\"Key\":\"49ABA2FF35C7010011BA1800\",\"Value\":1},{\"Key\":\"A497A2FFBCCC0100EA9C1800\",\"Value\":1},{\"Key\":\"6E69A2FF56D10100F5A91800\",\"Value\":1},{\"Key\":\"937FA2FFA6C501006EFA1800\",\"Value\":3},{\"Key\":\"5CF1A1FFDDD601002D171900\",\"Value\":1},{\"Key\":\"F9ECA1FF58D8010029081900\",\"Value\":1},{\"Key\":\"F0DEA1FFDAD801002A001900\",\"Value\":1},{\"Key\":\"59F4A1FFD6B80100318F1900\",\"Value\":3},{\"Key\":\"F3DAA1FF98D70100A6181900\",\"Value\":1},{\"Key\":\"3D48A1FFCBCB0100606D1900\",\"Value\":1},{\"Key\":\"B631A1FF06CA010073711900\",\"Value\":1},{\"Key\":\"74E1A2FF39DB0100E4CA1700\",\"Value\":3},{\"Key\":\"A72AA1FF9FC8010099781900\",\"Value\":1},{\"Key\":\"413DA1FF26C70100C2831900\",\"Value\":1},{\"Key\":\"D43AA1FF52C40100E3921900\",\"Value\":1},{\"Key\":\"2F70A1FFF6B501007CCF1900\",\"Value\":3},{\"Key\":\"3428A1FF13C4010049941900\",\"Value\":1},{\"Key\":\"C54DA1FFCDC00100F4A41900\",\"Value\":1},{\"Key\":\"DC28A1FF82BF01009BB31900\",\"Value\":1},{\"Key\":\"AC2DA1FF96C001006AAB1900\",\"Value\":1},{\"Key\":\"453FA1FF3BC001000FAB1900\",\"Value\":1},{\"Key\":\"9C2BA1FFEBBD010063C41900\",\"Value\":1},{\"Key\":\"9240A1FFC7A70100CD0A1A00\",\"Value\":1},{\"Key\":\"6C80A1FF7CA5010071FF1900\",\"Value\":1},{\"Key\":\"D80AA2FF649701006DF61900\",\"Value\":3},{\"Key\":\"F7C3A0FFE3B1010013FE1900\",\"Value\":3},{\"Key\":\"B8A5A3FF3BA20100A70F1800\",\"Value\":3},{\"Key\":\"E3AFA0FFD6B001003CF11900\",\"Value\":1},{\"Key\":\"32EFA0FF61C40100047B1900\",\"Value\":1},{\"Key\":\"09FA9FFF14AA010051321A00\",\"Value\":1},{\"Key\":\"9B71A0FFEBAA0100B31D1A00\",\"Value\":1},{\"Key\":\"0D6CA0FFC4AA010033241A00\",\"Value\":1},{\"Key\":\"B55CA0FF45AA01000B311A00\",\"Value\":1},{\"Key\":\"6C17A0FFD9A80100AD1F1A00\",\"Value\":1},{\"Key\":\"6E1CA0FF56A90100223D1A00\",\"Value\":1},{\"Key\":\"B40DA0FF5BA901008C301A00\",\"Value\":1},{\"Key\":\"129C9FFF64A60100CF511A00\",\"Value\":1},{\"Key\":\"2104A0FF05AA0100C43D1A00\",\"Value\":1},{\"Key\":\"D986A0FF25AB010077241A00\",\"Value\":1},{\"Key\":\"6E89A2FF8BB60100294B1900\",\"Value\":1},{\"Key\":\"187DA2FF75AF010036811900\",\"Value\":3},{\"Key\":\"A9F9A2FFEEBE0100218D1800\",\"Value\":1},{\"Key\":\"23CBA1FF419E01000BFB1900\",\"Value\":1},{\"Key\":\"1F39A1FFE51A010009151B00\",\"Value\":1},{\"Key\":\"3E1EA2FF51380100A87C1A00\",\"Value\":1},{\"Key\":\"242AA2FFEC38010089601A00\",\"Value\":1},{\"Key\":\"9349A2FF743501008E771A00\",\"Value\":1},{\"Key\":\"4F4EA2FF2B3701002F5A1A00\",\"Value\":1},{\"Key\":\"629EA1FF8DDA01009A2B1900\",\"Value\":1},{\"Key\":\"0FE8A1FFC7D501006C231900\",\"Value\":1},{\"Key\":\"A8D8A1FF30D30100C6381900\",\"Value\":1},{\"Key\":\"8695A1FF83D70100FD3E1900\",\"Value\":3},{\"Key\":\"B589A1FF82DB0100872C1900\",\"Value\":1},{\"Key\":\"D2A0A1FF2BDB0100E2251900\",\"Value\":1},{\"Key\":\"DEADA1FF30DB0100EA1B1900\",\"Value\":1},{\"Key\":\"12C3A3FF459F010058041800\",\"Value\":3},{\"Key\":\"8CB9A1FF3DD3010022491900\",\"Value\":1},{\"Key\":\"99CCA1FF3FCC01008F5C1900\",\"Value\":1},{\"Key\":\"C6C0A1FF9FC80100E86D1900\",\"Value\":1},{\"Key\":\"99BAA1FF3EC90100C66D1900\",\"Value\":1},{\"Key\":\"B3B0A1FF8BC601004F781900\",\"Value\":1},{\"Key\":\"B69CA1FFE5C90100B6701900\",\"Value\":1},{\"Key\":\"B0A7A1FF22C4010057801900\",\"Value\":1},{\"Key\":\"CF7BA2FF14B7010093571900\",\"Value\":3},{\"Key\":\"94A0A3FFE834010068561900\",\"Value\":1},{\"Key\":\"DEC0A3FF91AC010049E21700\",\"Value\":1},{\"Key\":\"F682A3FF8AD0010044721700\",\"Value\":1},{\"Key\":\"C09EA3FF69A901007DFC1700\",\"Value\":1},{\"Key\":\"BF9EA3FF41AC0100D2F11700\",\"Value\":1},{\"Key\":\"8DA2A3FF5DB0010042E11700\",\"Value\":1},{\"Key\":\"E7D0A3FFBAB60100EAC41700\",\"Value\":1},{\"Key\":\"76E1A3FFBBB80100BBC11700\",\"Value\":1},{\"Key\":\"68D7A3FF10BC010013B11700\",\"Value\":1},{\"Key\":\"133BA2FF17CD01005E171900\",\"Value\":3},{\"Key\":\"0393A2FF27A90100C2941900\",\"Value\":1},{\"Key\":\"B992A2FFB8A401003FA71900\",\"Value\":1},{\"Key\":\"FC73A2FF84BD0100282B1900\",\"Value\":3},{\"Key\":\"D07FA2FF29BA01001F351900\",\"Value\":3},{\"Key\":\"F2C5A2FF76AB010040561900\",\"Value\":1},{\"Key\":\"F559A2FF68BF010075411900\",\"Value\":3},{\"Key\":\"8F9DA2FF02B20100865D1900\",\"Value\":1},{\"Key\":\"E181A2FFD8A1010009B21900\",\"Value\":1},{\"Key\":\"0D94A2FFC49E01005BBC1900\",\"Value\":1},{\"Key\":\"5292A2FFF5B10100D2691900\",\"Value\":1},{\"Key\":\"8BFFA1FF04D9010090F71800\",\"Value\":3},{\"Key\":\"ED80A2FF16A70100D09F1900\",\"Value\":1},{\"Key\":\"4195A2FFD8AC010021841900\",\"Value\":1},{\"Key\":\"DBB2A2FF2BA9010053801900\",\"Value\":1},{\"Key\":\"11B2A2FF46A60100BC8D1900\",\"Value\":1},{\"Key\":\"2CC6A2FF9EA0010099901900\",\"Value\":1},{\"Key\":\"BAC5A2FF4DA80100DA6D1900\",\"Value\":1},{\"Key\":\"C4B9A2FFEEA80100217A1900\",\"Value\":1},{\"Key\":\"2E83A1FF0CE001003AF51800\",\"Value\":3},{\"Key\":\"7F38A2FF77D7010033D11800\",\"Value\":3},{\"Key\":\"6076A1FF86DF010090061900\",\"Value\":1},{\"Key\":\"3F66A2FF09CD01006DE81800\",\"Value\":1},{\"Key\":\"7884A2FF8FCA0100D7CB1800\",\"Value\":1},{\"Key\":\"016DA2FF47AA010008951900\",\"Value\":1},{\"Key\":\"2775A2FF79A70100F09D1900\",\"Value\":1},{\"Key\":\"376DA2FF68940100D9D91900\",\"Value\":1},{\"Key\":\"5951A2FF5E3801002E2A1A00\",\"Value\":1},{\"Key\":\"CC54A2FF31310100DE8B1A00\",\"Value\":3},{\"Key\":\"CEAFA2FF2D3001001B4D1A00\",\"Value\":3},{\"Key\":\"1E3AA2FF7135010007841A00\",\"Value\":3},{\"Key\":\"B22EA2FFD834010052901A00\",\"Value\":1},{\"Key\":\"7C63A2FF672C010039991A00\",\"Value\":3},{\"Key\":\"8E2AA2FFD93A01006D3E1A00\",\"Value\":3},{\"Key\":\"E3BFA2FFC0220100787D1A00\",\"Value\":3},{\"Key\":\"138DA2FFF9200100A5A91A00\",\"Value\":3},{\"Key\":\"179AA2FFCBC701005FC51800\",\"Value\":1},{\"Key\":\"C11AA2FFAED90100E8D31800\",\"Value\":3},{\"Key\":\"F147A4FF6ECE010099831700\",\"Value\":3},{\"Key\":\"1E71A4FFD6B60100F6C01700\",\"Value\":3},{\"Key\":\"B20FA4FF0EFA010076D41600\",\"Value\":1},{\"Key\":\"6929A4FFC5FE0100E6C51600\",\"Value\":1},{\"Key\":\"DF2EA4FFD2060200F6AA1600\",\"Value\":1},{\"Key\":\"61D9A4FFC4AE01003E2C1800\",\"Value\":1},{\"Key\":\"7A47A1FF12BE0100D7BB1900\",\"Value\":3},{\"Key\":\"96A9A4FFF1B50100F3FC1700\",\"Value\":1},{\"Key\":\"3285A3FF01F5010009E61600\",\"Value\":1},{\"Key\":\"B767A2FF37D6010096811800\",\"Value\":1},{\"Key\":\"ED5BA2FF98DB010066651800\",\"Value\":1},{\"Key\":\"5C69A2FF92DA0100385F1800\",\"Value\":1},{\"Key\":\"6D3CA2FF6AE0010001631800\",\"Value\":1},{\"Key\":\"8C3BA2FF88DD01003A781800\",\"Value\":1},{\"Key\":\"8993A2FF18D10100187B1800\",\"Value\":1},{\"Key\":\"3EEDA0FF67BC010045C91900\",\"Value\":3},{\"Key\":\"2D0AA2FF90E70100AF681800\",\"Value\":1},{\"Key\":\"DC55A1FF6DBC010073BE1900\",\"Value\":1},{\"Key\":\"AD80A3FF09FA01000DD21600\",\"Value\":1},{\"Key\":\"4B07A3FFD6FF010003DD1600\",\"Value\":1},{\"Key\":\"5A06A3FFA9010200E9D31600\",\"Value\":1},{\"Key\":\"5BF6A2FF0B020200DCDB1600\",\"Value\":1},{\"Key\":\"B105A1FF4EC60100D2791900\",\"Value\":3},{\"Key\":\"4548A0FF20AA0100A2221A00\",\"Value\":3},{\"Key\":\"E75FA7FFFCA70200E21D1000\",\"Value\":1},{\"Key\":\"99A3A7FF45AE02003F2D1000\",\"Value\":1},{\"Key\":\"873EB7FF9851040071200700\",\"Value\":1},{\"Key\":\"0B4BB7FF0B530400A5140700\",\"Value\":1},{\"Key\":\"FA40B7FF6D540400CA080700\",\"Value\":1},{\"Key\":\"0556B6FF217804005AE40600\",\"Value\":1},{\"Key\":\"3E53B6FFED6F0400CD090700\",\"Value\":1},{\"Key\":\"B66FB6FF187304004EE30600\",\"Value\":2},{\"Key\":\"77EAB4FF17FD0300FD170800\",\"Value\":1},{\"Key\":\"C857B4FFDE020400A7260800\",\"Value\":1},{\"Key\":\"2823B2FF96BE0300F3ED0900\",\"Value\":1},{\"Key\":\"3134B2FF83C0030085E00900\",\"Value\":1},{\"Key\":\"CBB0B1FFD0C20300CDDC0900\",\"Value\":1},{\"Key\":\"1598B1FF03C20300DDE00900\",\"Value\":1},{\"Key\":\"F2F2B3FFE23F0400C39F0700\",\"Value\":1},{\"Key\":\"AB03B4FFEC3E04004D990700\",\"Value\":1},{\"Key\":\"C45BB4FF33F803001A4B0800\",\"Value\":1},{\"Key\":\"F21BC0FFEC310900C2A7F0FF\",\"Value\":1},{\"Key\":\"C008C0FF4E340900C3BAF0FF\",\"Value\":1},{\"Key\":\"AE1FC0FFBD30090000B5F0FF\",\"Value\":1},{\"Key\":\"6471B9FF218208005C37F1FF\",\"Value\":1},{\"Key\":\"7990B9FF91850800FC35F1FF\",\"Value\":1},{\"Key\":\"9B87B9FFDB860800AD21F1FF\",\"Value\":1},{\"Key\":\"2C7DB9FFA0850800B321F1FF\",\"Value\":1},{\"Key\":\"2088B9FFC68808003908F1FF\",\"Value\":1},{\"Key\":\"F286B9FF5D890800ACF2F0FF\",\"Value\":1},{\"Key\":\"7058A2FF2202020011731700\",\"Value\":1},{\"Key\":\"EF02A3FFCEDA0100C3B01700\",\"Value\":3},{\"Key\":\"7F0FA3FF05D30100B5D71700\",\"Value\":1},{\"Key\":\"3725B9FF21FD0700353CF6FF\",\"Value\":1},{\"Key\":\"C410B9FFC1FA07001259F6FF\",\"Value\":1},{\"Key\":\"6BF7B8FF73FE0700A658F6FF\",\"Value\":1},{\"Key\":\"76D8B8FF5DFB07006A78F6FF\",\"Value\":1},{\"Key\":\"C4B9B8FF5DF90700468AF6FF\",\"Value\":1},{\"Key\":\"D9A0B8FF94F3070017B2F6FF\",\"Value\":1},{\"Key\":\"E1EBB3FF20050700CA15FDFF\",\"Value\":1},{\"Key\":\"9A68A7FF4DA8020089211000\",\"Value\":1},{\"Key\":\"223BA4FF56F001003EFC1600\",\"Value\":1},{\"Key\":\"345CA4FFE4020100D9061A00\",\"Value\":3},{\"Key\":\"9846A3FF3DAD01009C751800\",\"Value\":1},{\"Key\":\"D7BEA3FF6005010008381A00\",\"Value\":3},{\"Key\":\"80C5A4FF8F050100AA2B1A00\",\"Value\":3},{\"Key\":\"1861A4FF1E010100E5471A00\",\"Value\":3},{\"Key\":\"BE98A3FF9A06010002531A00\",\"Value\":3},{\"Key\":\"650CA4FF08FE000096831A00\",\"Value\":3},{\"Key\":\"C9E2A2FFFDFF000026321B00\",\"Value\":3},{\"Key\":\"0D92A2FF5CDE010072111800\",\"Value\":1},{\"Key\":\"0986A3FF58EC010056071700\",\"Value\":3},{\"Key\":\"1413A2FF1DFF010066D21700\",\"Value\":3},{\"Key\":\"DE0DA2FF690B0200E8901700\",\"Value\":3},{\"Key\":\"D729A2FF6F120200E1471700\",\"Value\":1},{\"Key\":\"9C1CA2FF261A0200FE281700\",\"Value\":1},{\"Key\":\"57A2A3FFFCEF010085F51600\",\"Value\":1},{\"Key\":\"4867A3FFD9E50100EF281700\",\"Value\":1},{\"Key\":\"1964A3FF68E901002C1B1700\",\"Value\":1},{\"Key\":\"72FDA2FF1BFA01002AFF1600\",\"Value\":3},{\"Key\":\"435AA3FF3FA80100D28C1800\",\"Value\":1},{\"Key\":\"53C8A2FFC6D10100542E1800\",\"Value\":1},{\"Key\":\"9474A2FFD8E10100821D1800\",\"Value\":1},{\"Key\":\"0C96A2FF27E7010064D11700\",\"Value\":1},{\"Key\":\"928CA2FFFBE3010092F11700\",\"Value\":1},{\"Key\":\"C376A2FF83EA010029E01700\",\"Value\":1},{\"Key\":\"418BA2FFD4DD0100601E1800\",\"Value\":1},{\"Key\":\"0DB4A2FFF6DA0100B6FE1700\",\"Value\":3},{\"Key\":\"46B1A2FF4BD50100AC301800\",\"Value\":3},{\"Key\":\"75D7A2FF16D7010054F21700\",\"Value\":3},{\"Key\":\"7E7FA2FFA2E301000C031800\",\"Value\":1},{\"Key\":\"3A1AA3FF08BE0100CC5A1800\",\"Value\":1},{\"Key\":\"B11DA3FFAAC10100D1401800\",\"Value\":1},{\"Key\":\"CBD8A2FFFAD1010065161800\",\"Value\":1},{\"Key\":\"45B8A2FF37D201001B411800\",\"Value\":1},{\"Key\":\"A9D6A2FFF4CD0100E23F1800\",\"Value\":1},{\"Key\":\"92CEA2FF55CC0100615B1800\",\"Value\":1},{\"Key\":\"A7EBA2FF4AC80100AF5B1800\",\"Value\":1},{\"Key\":\"80DEA2FFA7D10100AB131800\",\"Value\":1},{\"Key\":\"2FEDA2FF48CE0100171E1800\",\"Value\":1},{\"Key\":\"88FEA2FF61CA01005A2A1800\",\"Value\":1},{\"Key\":\"8AF2A2FF05C30100A37B1800\",\"Value\":1},{\"Key\":\"D4FBA2FF83C90100D6331800\",\"Value\":1},{\"Key\":\"F9F7A2FFE2C701006A471800\",\"Value\":1},{\"Key\":\"BE10A3FF92C701008A2B1800\",\"Value\":1},{\"Key\":\"C917A3FF84C7010026261800\",\"Value\":1},{\"Key\":\"6912A3FF14C501008B381800\",\"Value\":1},{\"Key\":\"50DFA2FF84C30100FE931800\",\"Value\":1},{\"Key\":\"DF11A3FF51C20100084A1800\",\"Value\":1},{\"Key\":\"5525A3FF4EBD0100104F1800\",\"Value\":1},{\"Key\":\"2B2FA3FFE4BE010062401800\",\"Value\":1},{\"Key\":\"CD36A3FF78BB01003D481800\",\"Value\":1},{\"Key\":\"1D30A3FFDDB801005E591800\",\"Value\":1},{\"Key\":\"B43FA3FFE7BB01009A3E1800\",\"Value\":1},{\"Key\":\"B64BA3FF06B50100264E1800\",\"Value\":1},{\"Key\":\"7046A3FF45B00100E0661800\",\"Value\":1},{\"Key\":\"C351A3FF5FAE010049631800\",\"Value\":1},{\"Key\":\"981BA1FF77C20100949D1900\",\"Value\":1},{\"Key\":\"0D0DA1FF1CC3010092961900\",\"Value\":1},{\"Key\":\"7567A2FFACE70100B6051800\",\"Value\":1},{\"Key\":\"B318A3FFD49C010099411900\",\"Value\":1},{\"Key\":\"042CA3FF14990100E8351900\",\"Value\":1},{\"Key\":\"E32AA3FFC696010034441900\",\"Value\":1},{\"Key\":\"EBE0A2FFA2D401006EFB1700\",\"Value\":1},{\"Key\":\"D2D7A2FFB5D5010067FC1700\",\"Value\":1},{\"Key\":\"145EA2FF6CE600004B901D00\",\"Value\":1},{\"Key\":\"BA59A2FF47EF01002BE21700\",\"Value\":1},{\"Key\":\"1E95A2FF9A220200EA681600\",\"Value\":1},{\"Key\":\"9399A2FFD3E901004BBB1700\",\"Value\":1},{\"Key\":\"4076A2FF03DD0100843D1800\",\"Value\":3},{\"Key\":\"72B1A2FF1AE0010013DF1700\",\"Value\":1},{\"Key\":\"89F2A2FF35D601000BDE1700\",\"Value\":1},{\"Key\":\"B75BA2FFE5E9010097051800\",\"Value\":1},{\"Key\":\"09B3A2FF25E30100A5C81700\",\"Value\":1},{\"Key\":\"EF77A2FFD3F1010048B11700\",\"Value\":1},{\"Key\":\"0BB2A2FF48E701009FB01700\",\"Value\":1},{\"Key\":\"2C99A2FFE9D2010091601800\",\"Value\":3},{\"Key\":\"79ADA2FFC8D001009E5B1800\",\"Value\":3},{\"Key\":\"5AA7A2FFF41A0200768B1600\",\"Value\":1},{\"Key\":\"0AAFA2FF7A1C02009D7B1600\",\"Value\":1},{\"Key\":\"CFE1A2FF85D5010088F31700\",\"Value\":1},{\"Key\":\"416CA2FFAAF0010097C51700\",\"Value\":1},{\"Key\":\"BCFBA2FF00D20100C6F31700\",\"Value\":1},{\"Key\":\"51FFA2FF07D001003FFF1700\",\"Value\":1},{\"Key\":\"AE04A3FF31CF010034001800\",\"Value\":1},{\"Key\":\"C7A8A2FF62270200683A1600\",\"Value\":1},{\"Key\":\"C4E4A2FF042302009E361600\",\"Value\":1},{\"Key\":\"BED2A2FF13260200122A1600\",\"Value\":1},{\"Key\":\"07C9A2FF132902000A1C1600\",\"Value\":1},{\"Key\":\"F817A3FF9BCC01006F021800\",\"Value\":1},{\"Key\":\"A140A1FF6BF60100DA8A1800\",\"Value\":1},{\"Key\":\"24A3A0FF5FEB0100A5A81800\",\"Value\":1},{\"Key\":\"D7B9A0FF56F10100669A1800\",\"Value\":3},{\"Key\":\"B9C0A0FF89ED010051A71800\",\"Value\":1},{\"Key\":\"5BA7A0FFA0F40100098D1800\",\"Value\":1},{\"Key\":\"15DAA0FFC7F20100E5991800\",\"Value\":1},{\"Key\":\"63A4A0FFC1E20100C2C41800\",\"Value\":1},{\"Key\":\"FBAEA0FF2CDE01000FD61800\",\"Value\":1},{\"Key\":\"B8A3A0FF09D201004BFA1800\",\"Value\":1},{\"Key\":\"9577A0FF43CA010060091900\",\"Value\":1},{\"Key\":\"EB86A0FF5AC9010071111900\",\"Value\":1},{\"Key\":\"5689A0FF81C20100B62F1900\",\"Value\":1},{\"Key\":\"DF37A3FFEAC201008A231800\",\"Value\":1},{\"Key\":\"2359A3FF79C00100DBF91700\",\"Value\":1},{\"Key\":\"7237A3FFD6C50100C60F1800\",\"Value\":1},{\"Key\":\"7338A3FF91C701009D021800\",\"Value\":1},{\"Key\":\"264BA3FF32C30100A2031800\",\"Value\":1},{\"Key\":\"B023A3FF6BC90100F40E1800\",\"Value\":1},{\"Key\":\"BD2CA3FFD8CB010065F21700\",\"Value\":1},{\"Key\":\"801EA3FFBDCD01008EF41700\",\"Value\":1},{\"Key\":\"2442A3FFE3C8010039E71700\",\"Value\":1},{\"Key\":\"9A05A3FF5DC201009A631800\",\"Value\":1},{\"Key\":\"EC05A3FFA5BF01002F771800\",\"Value\":1},{\"Key\":\"73FFA2FF75CD01003F131800\",\"Value\":1},{\"Key\":\"7C30A3FF97B20100047A1800\",\"Value\":1},{\"Key\":\"4C20A3FFC3B70100F3791800\",\"Value\":1},{\"Key\":\"CF17A3FF7AB8010061851800\",\"Value\":1},{\"Key\":\"E25EA3FF259E0100B5BF1800\",\"Value\":1},{\"Key\":\"6546A3FF60A0010091EA1800\",\"Value\":1},{\"Key\":\"C964A3FFCA9C01008FCF1800\",\"Value\":1},{\"Key\":\"0E54A3FF7D9F01005DD81800\",\"Value\":1},{\"Key\":\"A036A3FF4EA10100B9E01800\",\"Value\":1},{\"Key\":\"F542A3FF7D9E010001061900\",\"Value\":1},{\"Key\":\"1A0FA3FF1EA70100C6F21800\",\"Value\":1},{\"Key\":\"D62AA3FFA4A0010079F81800\",\"Value\":1},{\"Key\":\"3C20A3FF11A201008CFF1800\",\"Value\":1},{\"Key\":\"9A22A3FFD3B201009F931800\",\"Value\":1},{\"Key\":\"7824A3FF49A2010001081900\",\"Value\":1},{\"Key\":\"CD3FA3FF2DA80100AFA71800\",\"Value\":1},{\"Key\":\"5934A3FF3FAB0100FEA51800\",\"Value\":1},{\"Key\":\"EE64A3FF5BA101001CA91800\",\"Value\":1},{\"Key\":\"9070A3FFD59E010057BB1800\",\"Value\":1},{\"Key\":\"C477A3FFE09D010047AF1800\",\"Value\":1},{\"Key\":\"2264A3FF20AE0100FD601800\",\"Value\":1},{\"Key\":\"4D13A4FFA842010080CA1800\",\"Value\":1},{\"Key\":\"5B48A4FFE344010003AA1800\",\"Value\":1},{\"Key\":\"D23CA4FF2B49010022A11800\",\"Value\":1},{\"Key\":\"BA1EA4FF4CA60100FA0D1800\",\"Value\":1},{\"Key\":\"97AEA0FF35B5010030C31900\",\"Value\":1},{\"Key\":\"CD68A0FF05AE010015CA1900\",\"Value\":1},{\"Key\":\"EA31A0FF3FAA01007EE31900\",\"Value\":3},{\"Key\":\"8AFD9FFFA5A9010078E51900\",\"Value\":1},{\"Key\":\"F8E4A2FF86C70100446C1800\",\"Value\":1},{\"Key\":\"2908A0FF29AD010008971900\",\"Value\":1},{\"Key\":\"B3E69FFF4BAE010022951900\",\"Value\":1},{\"Key\":\"BCA6A0FF53C201008E401900\",\"Value\":1},{\"Key\":\"61B7A0FF50C601001E371900\",\"Value\":1},{\"Key\":\"38C99FFFABAE010083961900\",\"Value\":1},{\"Key\":\"0493A0FF28C70100F71E1900\",\"Value\":1},{\"Key\":\"AD22A1FFF9DD010021FD1800\",\"Value\":1},{\"Key\":\"2815A1FFB1E001000EEB1800\",\"Value\":1},{\"Key\":\"0337A0FF14C101006B261900\",\"Value\":1},{\"Key\":\"5D01A1FF24E3010008DB1800\",\"Value\":1},{\"Key\":\"DA0FA1FFB3E90100BEC11800\",\"Value\":1},{\"Key\":\"08F2A0FFECE6010039C81800\",\"Value\":1},{\"Key\":\"EA0AA1FF29F401008F981800\",\"Value\":1},{\"Key\":\"F957A1FFA8EE0000CB8C1D00\",\"Value\":3},{\"Key\":\"6378A0FF46D90100BED91800\",\"Value\":1},{\"Key\":\"7879A0FF12DE01000CCC1800\",\"Value\":1},{\"Key\":\"F0F2A0FF50FB0100137E1800\",\"Value\":1},{\"Key\":\"D014A4FF905F01001F761800\",\"Value\":1},{\"Key\":\"44E4A0FF8AFA010050801800\",\"Value\":1},{\"Key\":\"AB7AA0FF2DEE0100439A1800\",\"Value\":1},{\"Key\":\"3917A4FFEB0E02002A8A1600\",\"Value\":2},{\"Key\":\"0C76A0FFE3F601000F7E1800\",\"Value\":1},{\"Key\":\"BBC6A1FF072A02008C261700\",\"Value\":2},{\"Key\":\"083BA2FF68EB010058211800\",\"Value\":1},{\"Key\":\"183CA2FF10F2010073F31700\",\"Value\":1},{\"Key\":\"94CDA1FF741002007CB01700\",\"Value\":1},{\"Key\":\"15ECA2FFD2E4000048391D00\",\"Value\":3},{\"Key\":\"04DEA3FFA3DA01007D4B1700\",\"Value\":1},{\"Key\":\"FBA0A3FFBFD801001D471700\",\"Value\":1},{\"Key\":\"E2C2A3FF2DE30100FC241700\",\"Value\":1},{\"Key\":\"3936A5FF1BCF01008B421700\",\"Value\":1},{\"Key\":\"30FAA4FF49E00100C7251700\",\"Value\":1},{\"Key\":\"F3BAA4FF23EC010046141700\",\"Value\":1},{\"Key\":\"1608A4FF3BED0100EC031700\",\"Value\":1},{\"Key\":\"FC0BA4FF80F001004AF71600\",\"Value\":1},{\"Key\":\"760DA5FF47F4010040F71600\",\"Value\":1},{\"Key\":\"C766A4FFD6F70100D8E41600\",\"Value\":1},{\"Key\":\"9B25A5FF64F40100F0F61600\",\"Value\":1},{\"Key\":\"63E5A3FF0BF80100FBD81600\",\"Value\":1},{\"Key\":\"337EA4FF1001020056C71600\",\"Value\":1},{\"Key\":\"FFDEA3FF2E8E01007E221800\",\"Value\":1},{\"Key\":\"0B7EA4FF750A02003BA81600\",\"Value\":1},{\"Key\":\"58DEA3FFFF010200C9B21600\",\"Value\":1},{\"Key\":\"B80CA4FF76060200E7A71600\",\"Value\":1},{\"Key\":\"858DA4FFEA120200DA8D1600\",\"Value\":1},{\"Key\":\"DE5BA4FF731102009F8C1600\",\"Value\":1},{\"Key\":\"704EA4FF2117020044761600\",\"Value\":1},{\"Key\":\"5BBFA1FF771F020097681700\",\"Value\":1},{\"Key\":\"8078A3FFDDB50100E7FA1700\",\"Value\":1},{\"Key\":\"372EA2FF9617020034241700\",\"Value\":1},{\"Key\":\"82D5A3FF6319010074971900\",\"Value\":1},{\"Key\":\"DEAFA1FF4A28020055441700\",\"Value\":1},{\"Key\":\"A4BFA3FF17B5010047CD1700\",\"Value\":1},{\"Key\":\"9279A2FF101C0200C2AA1600\",\"Value\":1},{\"Key\":\"7F7BA3FF4BAB01008C661800\",\"Value\":1},{\"Key\":\"17BBA1FFD52E020046161700\",\"Value\":1},{\"Key\":\"D229A2FFA5F10100FF0B1800\",\"Value\":1},{\"Key\":\"A86AA2FF8F2602002B791600\",\"Value\":1},{\"Key\":\"A023A1FFB1F801005E851800\",\"Value\":1},{\"Key\":\"E147A2FF8BEA0100B3181800\",\"Value\":1},{\"Key\":\"B1C3A2FF0DC8010000941800\",\"Value\":1},{\"Key\":\"D858A2FF50E401000F2E1800\",\"Value\":1},{\"Key\":\"B2CEA2FF2CC8010061801800\",\"Value\":1},{\"Key\":\"974CA2FF470C0200EC431700\",\"Value\":1},{\"Key\":\"63CCA1FF631C020056701700\",\"Value\":1},{\"Key\":\"B349A2FF770F02008C321700\",\"Value\":1},{\"Key\":\"5173A2FF7F09020055231700\",\"Value\":1},{\"Key\":\"BA68A2FF01100200A3081700\",\"Value\":1},{\"Key\":\"D179A3FF76B8010027E81700\",\"Value\":1},{\"Key\":\"AABAA3FFDFD30100F6571700\",\"Value\":1},{\"Key\":\"0956A2FF4E140200BE041700\",\"Value\":1},{\"Key\":\"EE6BA2FF5512020005F71600\",\"Value\":1},{\"Key\":\"F029A2FF891C02003C091700\",\"Value\":1},{\"Key\":\"8557A2FF51160200DBF61600\",\"Value\":1},{\"Key\":\"9C8BA3FFE2B201007AE91700\",\"Value\":1},{\"Key\":\"F519A2FFF01F02003D061700\",\"Value\":1},{\"Key\":\"783BA2FF211C020063F31600\",\"Value\":1},{\"Key\":\"B18AA3FF7FB50100FBDC1700\",\"Value\":1},{\"Key\":\"7051A2FF2E1C02004CD91600\",\"Value\":1},{\"Key\":\"6ED0A3FFB58D01005F2A1800\",\"Value\":1},{\"Key\":\"F771A2FF9419020074C51600\",\"Value\":1},{\"Key\":\"6B89A2FFFA17020030B71600\",\"Value\":1},{\"Key\":\"32F3A3FF31910100391A1800\",\"Value\":1},{\"Key\":\"AC4AA3FF5DC10100FC0F1800\",\"Value\":1},{\"Key\":\"AE5DA3FF6EC10100B4E91700\",\"Value\":1},{\"Key\":\"A86EA3FF3ABC0100B2E71700\",\"Value\":1},{\"Key\":\"D567A3FF04BA0100DE061800\",\"Value\":1},{\"Key\":\"4870A3FF91B701003E0F1800\",\"Value\":1},{\"Key\":\"3E77A3FF72B50100BC121800\",\"Value\":1},{\"Key\":\"EE05A3FF20D6010073CB1700\",\"Value\":1},{\"Key\":\"8FA8A2FF09CE0100967D1800\",\"Value\":1},{\"Key\":\"055DA3FF68B40100AF3E1800\",\"Value\":1},{\"Key\":\"0705A3FFF9CC010090111800\",\"Value\":1},{\"Key\":\"C7FDA3FFCE870100832A1800\",\"Value\":1},{\"Key\":\"1806A4FF358201006E331800\",\"Value\":1},{\"Key\":\"8414A4FF858701006F2D1800\",\"Value\":1},{\"Key\":\"8CCDA2FF33C9010033781800\",\"Value\":1},{\"Key\":\"6F0EA3FF1EB5010019A61800\",\"Value\":1},{\"Key\":\"F023A3FF14AE0100FEB01800\",\"Value\":1},{\"Key\":\"7519A3FF93A7010021E11800\",\"Value\":1},{\"Key\":\"D046A3FFC7A80100B2921800\",\"Value\":1},{\"Key\":\"EB41A3FFC1A20100E2C11800\",\"Value\":1},{\"Key\":\"3E51A3FF35A50100339B1800\",\"Value\":1},{\"Key\":\"4BC2A2FFC0CA010073791800\",\"Value\":1},{\"Key\":\"E8E7A3FF2E290100D03B1900\",\"Value\":1},{\"Key\":\"B312A4FFBC17010086741900\",\"Value\":1},{\"Key\":\"8289A3FFED340100766F1900\",\"Value\":1},{\"Key\":\"10BBA3FF921B0100ADA41900\",\"Value\":1},{\"Key\":\"3F37A2FF761B0100ECEB1A00\",\"Value\":1},{\"Key\":\"1724A2FF8B3A01001E481A00\",\"Value\":1},{\"Key\":\"A517A2FF9C32010080A81A00\",\"Value\":1},{\"Key\":\"AB10A2FF4D25010072DD1A00\",\"Value\":1},{\"Key\":\"3B4DA2FF75E5000095BE1D00\",\"Value\":3},{\"Key\":\"804FA4FFEF1C01007B431900\",\"Value\":1},{\"Key\":\"DD29A5FF3AC80100994E1700\",\"Value\":1},{\"Key\":\"A4DAA4FF76DE010002341700\",\"Value\":1},{\"Key\":\"174FA4FF7DF5010097EB1600\",\"Value\":1},{\"Key\":\"DBC4A2FFBBC501004FA81800\",\"Value\":1},{\"Key\":\"49CCA3FFFB27010097571900\",\"Value\":1},{\"Key\":\"CCB8A3FFFD3201007C421900\",\"Value\":1},{\"Key\":\"459FA3FFBF41010016341900\",\"Value\":1},{\"Key\":\"68B6A3FF1E2B010071601900\",\"Value\":1},{\"Key\":\"EBB8A3FF192801006D691900\",\"Value\":1},{\"Key\":\"16F8A1FFF9020100CA7E1B00\",\"Value\":3},{\"Key\":\"9A51A3FFF9A1010049AF1800\",\"Value\":1},{\"Key\":\"F08AA3FFE8A2010038761800\",\"Value\":1},{\"Key\":\"21CEA2FF5CC50100DE9E1800\",\"Value\":1},{\"Key\":\"542DA3FFD8CD0100DEDF1700\",\"Value\":1},{\"Key\":\"104DA2FF51E10100BA4E1800\",\"Value\":1},{\"Key\":\"6A36A2FF75E6010006441800\",\"Value\":1},{\"Key\":\"0E70A3FF47A801007D811800\",\"Value\":1},{\"Key\":\"4465A3FFC0A601007B951800\",\"Value\":1},{\"Key\":\"5668A3FFF3AB0100CA6C1800\",\"Value\":1},{\"Key\":\"3ACEA3FFB6480100F0F21800\",\"Value\":1},{\"Key\":\"D42CA4FFFA110100A58E1900\",\"Value\":1},{\"Key\":\"11E3A2FFE81E0100AF6E1A00\",\"Value\":1}],\"SerializedName\":\"WorldObjectLocatorManager\",\"UniqueFile\":true}"}}